StudentId,P-104,ECTS_P-104,PolozioDatum_P-104,P-12,ECTS_P-12,PolozioDatum_P-12,P-140,ECTS_P-140,PolozioDatum_P-140,P-141,ECTS_P-141,PolozioDatum_P-141,P-142,ECTS_P-142,PolozioDatum_P-142,P-143,ECTS_P-143,PolozioDatum_P-143,P-149,ECTS_P-149,PolozioDatum_P-149,P-175,ECTS_P-175,PolozioDatum_P-175,P-176,ECTS_P-176,PolozioDatum_P-176,P-178,ECTS_P-178,PolozioDatum_P-178,P-218,ECTS_P-218,PolozioDatum_P-218,P-219,ECTS_P-219,PolozioDatum_P-219,P-220,ECTS_P-220,PolozioDatum_P-220,P-221,ECTS_P-221,PolozioDatum_P-221,P-222,ECTS_P-222,PolozioDatum_P-222,P-223,ECTS_P-223,PolozioDatum_P-223,P-224,ECTS_P-224,PolozioDatum_P-224,P-246,ECTS_P-246,PolozioDatum_P-246,P-58,ECTS_P-58,PolozioDatum_P-58,P-8,ECTS_P-8,PolozioDatum_P-8,Godina,DatumUpisa,SrednjaSkola,GodinaZavrsetka,NacinStudiranja,Diplomirao,Spol,ProsjecnaOcjena_P-104,ProsjecnaOcjena_P-12,ProsjecnaOcjena_P-140,ProsjecnaOcjena_P-141,ProsjecnaOcjena_P-142,ProsjecnaOcjena_P-143,ProsjecnaOcjena_P-149,ProsjecnaOcjena_P-175,ProsjecnaOcjena_P-176,ProsjecnaOcjena_P-178,ProsjecnaOcjena_P-218,ProsjecnaOcjena_P-219,ProsjecnaOcjena_P-220,ProsjecnaOcjena_P-221,ProsjecnaOcjena_P-222,ProsjecnaOcjena_P-223,ProsjecnaOcjena_P-224,ProsjecnaOcjena_P-246,ProsjecnaOcjena_P-58,ProsjecnaOcjena_P-8
16320,,,,8,3,6/17/2019,,,,,,,,,,,,,5,5,,7,7,6/29/2019,6,7,9/18/2019,,,,7,5,1/23/2019,6,7,2/13/2019,7,7,1/31/2019,5,6,,6,4,6/18/2019,,,,,,,8,4,1/22/2019,6,5,7/15/2019,,,,1,7/17/2018,Elektrotehnièka,2017/2018,DL,0,M,,2.666666667,,,,,1,1,0.857142857,,1.4,0.857142857,1,0.833333333,1.5,,,2,1.2,
16321,,,,9,3,6/17/2019,,,,,,,,,,,,,5,5,,7,7,8/24/2019,5,7,,,,,7,5,1/23/2019,6,7,10/3/2019,6,7,1/31/2019,6,6,9/5/2019,6,4,6/18/2019,,,,,,,9,4,1/22/2019,8,5,9/20/2019,,,,1,7/17/2018,Elektrotehnièka,2017/2018,DL,0,M,,3,,,,,1,1,0.714285714,,1.4,0.857142857,0.857142857,1,1.5,,,2.25,1.6,
16322,,,,8,3,6/17/2019,,,,,,,,,,,,,6,5,9/14/2019,6,7,2/9/2019,7,7,6/24/2020,,,,7,5,,7,7,1/30/2019,6,7,1/31/2019,9,6,6/25/2019,7,4,6/18/2019,,,,,,,8,4,1/22/2019,7,5,6/27/2019,,,,1,7/17/2018,Mašinska,2017/2018,Redovan samofinansirajuæi,0,M,,2.666666667,,,,,1.2,0.857142857,1,,1.4,1,0.857142857,1.5,1.75,,,2,1.4,
16323,,,,7,3,6/17/2019,,,,,,,,,,,,,10,5,7/6/2019,10,7,1/26/2019,7,7,9/4/2019,,,,8,5,1/23/2019,6,7,1/30/2019,8,7,1/31/2019,6,6,6/25/2019,9,4,6/18/2019,,,,,,,7,4,1/22/2019,6,5,6/27/2019,,,,1,7/17/2018,Gimnazija,2017/2018,Redovan samofinansirajuæi,1,M,,2.333333333,,,,,2,1.428571429,1,,1.6,0.857142857,1.142857143,1,2.25,,,1.75,1.2,
16324,,,,9,3,6/17/2019,,,,,,,,,,,,,7,5,7/25/2020,6,7,8/24/2019,8,7,9/15/2020,,,,7,5,1/23/2019,7,7,1/30/2019,6,7,1/31/2019,7,6,6/25/2019,10,4,6/18/2019,,,,,,,10,4,1/22/2019,8,5,7/15/2019,,,,1,7/17/2018,Gimnazija,2017/2018,Redovan samofinansirajuæi,0,Ž,,3,,,,,1.4,0.857142857,1.142857143,,1.4,1,0.857142857,1.166666667,2.5,,,2.5,1.6,
16325,,,,8,3,7/1/2019,,,,,,,,,,,,,5,5,,7,7,9/7/2019,6,7,7/19/2022,,,,7,5,1/23/2019,8,7,8/30/2019,6,7,2/14/2019,6,6,6/25/2019,8,4,9/21/2019,,,,,,,9,4,1/22/2019,6,5,9/20/2019,,,,1,7/17/2018,Gimnazija,2017/2018,DL,0,Ž,,2.666666667,,,,,1,1,0.857142857,,1.4,1.142857143,0.857142857,1,2,,,2.25,1.2,
16326,,,,10,3,6/17/2019,,,,,,,,,,,,,10,5,6/22/2019,8,7,1/26/2019,9,7,9/15/2020,,,,8,5,1/23/2019,8,7,2/13/2019,8,7,1/31/2019,8,6,7/9/2019,9,4,6/18/2019,,,,,,,10,4,1/22/2019,8,5,6/27/2019,,,,1,7/17/2018,Gimnazija,2017/2018,Redovan samofinansirajuæi,0,M,,3.333333333,,,,,2,1.142857143,1.285714286,,1.6,1.142857143,1.142857143,1.333333333,2.25,,,2.5,1.6,
16327,,,,8,3,6/17/2019,,,,,,,,,,,,,9,5,7/4/2020,7,7,6/29/2019,7,7,8/31/2020,,,,8,5,1/23/2019,8,7,2/13/2019,7,7,1/31/2019,9,6,6/25/2019,9,4,6/18/2019,,,,,,,9,4,1/22/2019,6,5,6/27/2019,,,,1,7/17/2018,Gimnazija,2017/2018,DL,1,Ž,,2.666666667,,,,,1.8,1,1,,1.6,1.142857143,1,1.5,2.25,,,2.25,1.2,
16328,,,,9,3,6/17/2019,,,,,,,,,,,,,5,5,,8,7,8/24/2019,7,7,9/6/2022,,,,8,5,1/23/2019,7,7,8/30/2019,7,7,2/14/2019,7,6,6/25/2019,9,4,6/18/2019,,,,,,,10,4,1/22/2019,8,5,7/15/2019,,,,1,7/17/2018,Gimnazija,2017/2018,DL,0,Ž,,3,,,,,1,1.142857143,1,,1.6,1,1,1.166666667,2.25,,,2.5,1.6,
16329,,,,7,3,6/17/2019,,,,,,,,,,,,,6,5,6/22/2019,10,7,2/9/2019,6,7,9/4/2019,,,,8,5,1/23/2019,6,7,1/30/2019,6,7,1/31/2019,8,6,6/25/2019,6,4,9/2/2019,,,,,,,7,4,1/22/2019,7,5,6/27/2019,,,,1,7/17/2018,Gimnazija,2017/2018,DL,1,M,,2.333333333,,,,,1.2,1.428571429,0.857142857,,1.6,0.857142857,0.857142857,1.333333333,1.5,,,1.75,1.4,
16330,,,,5,3,,,,,,,,,,,,,,5,5,,5,7,,5,7,,,,,5,5,,5,7,,5,7,,5,6,,5,4,,5,4,,5,4,,5,4,,5,5,,,,,1,7/17/2018,Mješovita srednja škola,2013/2014,DL,0,M,,1.666666667,,,,,1,0.714285714,0.714285714,,1,0.714285714,0.714285714,0.833333333,1.25,1.25,1.25,1.25,1,
16331,,,,6,3,6/17/2019,,,,,,,,,,,,,6,5,7/4/2020,6,7,1/26/2019,6,7,8/31/2020,,,,7,5,1/23/2019,8,7,8/30/2019,8,7,2/14/2019,6,6,6/25/2019,6,4,6/18/2019,,,,,,,7,4,1/22/2019,6,5,6/27/2019,,,,1,7/18/2018,Medicinska,2017/2018,DL,0,M,,2,,,,,1.2,0.857142857,0.857142857,,1.4,1.142857143,1.142857143,1,1.5,,,1.75,1.2,
16332,,,,7,3,6/17/2019,,,,,,,,,,,,,6,5,7/6/2019,9,7,1/26/2019,6,7,9/18/2019,,,,8,5,1/23/2019,6,7,1/23/2020,6,7,1/31/2019,6,6,9/5/2019,6,4,9/2/2019,,,,,,,8,4,1/22/2019,8,5,7/15/2019,,,,1,7/18/2018,Elektrotehnièka,2017/2018,DL,1,M,,2.333333333,,,,,1.2,1.285714286,0.857142857,,1.6,0.857142857,0.857142857,1,1.5,,,2,1.6,
16333,,,,9,3,6/17/2019,,,,,,,,,,,,,10,5,7/6/2019,9,7,1/26/2019,8,7,6/20/2019,,,,9,5,1/23/2019,9,7,1/30/2019,7,7,1/31/2019,8,6,6/25/2019,8,4,6/18/2019,,,,,,,10,4,1/22/2019,8,5,6/27/2019,,,,1,7/18/2018,Gimnazija,2017/2018,Redovan samofinansirajuæi,1,M,,3,,,,,2,1.285714286,1.142857143,,1.8,1.285714286,1,1.333333333,2,,,2.5,1.6,
16334,,,,7,3,6/17/2019,,,,,,,,,,,,,8,5,7/25/2020,7,7,7/6/2020,7,7,6/25/2021,,,,7,5,1/23/2019,6,7,1/23/2020,6,7,8/26/2019,6,6,9/5/2020,6,4,7/16/2019,,,,,,,7,4,1/22/2019,6,5,7/15/2019,,,,1,7/18/2018,Gimnazija,2017/2018,DL,0,M,,2.333333333,,,,,1.6,1,1,,1.4,0.857142857,0.857142857,1,1.5,,,1.75,1.2,
16335,,,,9,3,6/17/2019,,,,,,,,,,,,,6,5,7/4/2020,6,7,2/9/2019,7,7,9/15/2020,,,,7,5,1/23/2019,9,7,1/30/2019,7,7,1/31/2019,6,6,6/25/2019,7,4,6/18/2019,,,,,,,9,4,1/22/2019,9,5,7/15/2019,,,,1,7/18/2018,Gimnazija,2017/2018,DL,0,Ž,,3,,,,,1.2,0.857142857,1,,1.4,1.285714286,1,1,1.75,,,2.25,1.8,
16336,,,,7,3,6/17/2019,,,,,,,,,,,,,6,5,7/6/2019,10,7,1/26/2019,10,7,7/4/2019,,,,9,5,1/23/2019,7,7,1/30/2019,8,7,1/31/2019,8,6,6/25/2019,9,4,6/18/2019,,,,,,,8,4,1/22/2019,6,5,6/27/2019,,,,1,7/18/2018,Gimnazija,2017/2018,Redovan samofinansirajuæi,1,Ž,,2.333333333,,,,,1.2,1.428571429,1.428571429,,1.8,1,1.142857143,1.333333333,2.25,,,2,1.2,
16337,,,,8,3,6/17/2019,,,,,,,,,,,,,6,5,7/6/2019,8,7,1/26/2019,6,7,9/18/2019,,,,9,5,1/23/2019,6,7,8/30/2019,8,7,2/14/2019,6,6,9/5/2019,6,4,6/18/2019,,,,,,,10,4,1/22/2019,8,5,7/15/2019,,,,1,7/18/2018,Gimnazija,2017/2018,DL,0,M,,2.666666667,,,,,1.2,1.142857143,0.857142857,,1.8,0.857142857,1.142857143,1,1.5,,,2.5,1.6,
16338,,,,8,3,6/17/2019,,,,,,,,,,,,,6,5,7/4/2020,6,7,8/24/2019,7,7,9/9/2021,,,,7,5,1/23/2019,7,7,7/3/2019,6,7,1/31/2019,6,6,7/9/2019,8,4,6/18/2019,,,,,,,9,4,1/22/2019,7,5,7/15/2019,,,,1,7/18/2018,Ekonomska,2017/2018,Redovan samofinansirajuæi,0,M,,2.666666667,,,,,1.2,0.857142857,1,,1.4,1,0.857142857,1,2,,,2.25,1.4,
16339,,,,7,3,6/17/2019,,,,,,,,,,,,,6,5,9/26/2020,6,7,6/29/2019,7,7,9/15/2020,,,,8,5,1/23/2019,9,7,1/30/2019,8,7,2/14/2019,10,6,6/25/2019,10,4,6/18/2019,,,,,,,8,4,1/22/2019,7,5,7/15/2019,,,,1,7/18/2018,Elektrotehnièka,2017/2018,Redovan samofinansirajuæi,0,Ž,,2.333333333,,,,,1.2,0.857142857,1,,1.6,1.285714286,1.142857143,1.666666667,2.5,,,2,1.4,
16340,,,,5,3,,,,,,,,,,,,,,5,5,,5,7,,5,7,,,,,7,5,1/23/2019,5,7,,6,7,2/14/2019,5,6,,6,4,9/2/2019,5,4,,5,4,,6,4,1/22/2019,5,5,,,,,1,7/18/2018,Ekonomska,2017/18,DL,0,Ž,,1.666666667,,,,,1,0.714285714,0.714285714,,1.4,0.714285714,0.857142857,0.833333333,1.5,1.25,1.25,1.5,1,
16341,,,,8,3,6/17/2019,,,,,,,,,,,,,10,5,7/6/2019,10,7,1/26/2019,7,7,9/4/2019,,,,9,5,1/23/2019,10,7,2/13/2019,7,7,1/31/2019,7,6,6/25/2019,9,4,6/18/2019,,,,,,,8,4,1/22/2019,7,5,6/27/2019,,,,1,7/18/2018,Gimnazija,2017/2018,Redovan samofinansirajuæi,1,M,,2.666666667,,,,,2,1.428571429,1,,1.8,1.428571429,1,1.166666667,2.25,,,2,1.4,
16342,,,,6,3,6/17/2019,,,,,,,,,,,,,8,5,7/25/2020,6,7,2/9/2019,6,7,9/15/2020,,,,9,5,1/23/2019,6,7,8/30/2019,7,7,1/31/2019,7,6,10/3/2019,6,4,6/18/2019,,,,,,,8,4,1/22/2019,6,5,7/15/2019,,,,1,7/18/2018,Gimnazija,2017/2018,Vanredan,0,M,,2,,,,,1.6,0.857142857,0.857142857,,1.8,0.857142857,1,1.166666667,1.5,,,2,1.2,
16343,,,,10,3,6/17/2019,,,,,,,,,,,,,10,5,6/22/2019,10,7,1/26/2019,8,7,7/4/2019,,,,9,5,1/23/2019,9,7,1/30/2019,8,7,1/31/2019,9,6,6/25/2019,7,4,6/18/2019,,,,,,,10,4,1/22/2019,8,5,7/15/2019,,,,1,7/18/2018,Medresa,2017/18,DL,0,M,,3.333333333,,,,,2,1.428571429,1.142857143,,1.8,1.285714286,1.142857143,1.5,1.75,,,2.5,1.6,
16344,,,,8,3,6/17/2019,,,,,,,,,,,,,8,5,7/24/2021,6,7,6/29/2019,7,7,9/15/2020,,,,8,5,1/23/2019,6,7,9/13/2019,7,7,2/14/2019,7,6,6/25/2019,6,4,6/18/2019,,,,,,,8,4,1/22/2019,6,5,6/27/2019,,,,1,7/18/2018,Gimnazija,2017/2018,DL,0,M,,2.666666667,,,,,1.6,0.857142857,1,,1.6,0.857142857,1,1.166666667,1.5,,,2,1.2,
16345,,,,6,3,6/17/2019,,,,,,,,,,,,,9,5,10/3/2019,9,7,1/26/2019,7,7,9/4/2019,,,,7,5,1/23/2019,6,7,2/13/2019,7,7,2/14/2019,7,6,6/25/2019,7,4,6/18/2019,,,,,,,7,4,1/22/2019,6,5,6/27/2019,,,,1,7/18/2018,Tehnièka,2017/2018,Redovan samofinansirajuæi,0,Ž,,2,,,,,1.8,1.285714286,1,,1.4,0.857142857,1,1.166666667,1.75,,,1.75,1.2,
16348,,,,7,3,7/1/2019,,,,,,,,,,,,,8,5,7/6/2019,6,7,2/9/2019,6,7,7/4/2019,,,,7,5,1/23/2019,6,7,9/13/2019,7,7,2/14/2019,6,6,7/9/2019,6,4,7/16/2019,,,,,,,6,4,1/22/2019,6,5,6/27/2019,,,,1,7/18/2018,Tehnièka,2017/2018,DL,0,M,,2.333333333,,,,,1.6,0.857142857,0.857142857,,1.4,0.857142857,1,1,1.5,,,1.5,1.2,
16349,,,,7,3,6/17/2019,,,,,,,,,,,,,7,5,7/6/2019,6,7,1/26/2019,8,7,9/4/2019,,,,9,5,1/23/2019,7,7,8/30/2019,7,7,2/14/2019,9,6,9/5/2019,6,4,6/18/2019,,,,,,,7,4,1/22/2019,8,5,7/15/2019,,,,1,7/18/2018,Tehnièka,2017/2018,DL,0,M,,2.333333333,,,,,1.4,0.857142857,1.142857143,,1.8,1,1,1.5,1.5,,,1.75,1.6,
16350,,,,7,3,6/17/2019,,,,,,,,,,,,,5,5,,7,7,9/7/2019,5,7,,,,,7,5,1/23/2019,6,7,8/30/2019,7,7,2/14/2019,6,6,6/25/2019,6,4,7/16/2019,,,,,,,7,4,1/22/2019,6,5,7/15/2019,,,,1,7/18/2018,Medresa,2017/18,DL,0,M,,2.333333333,,,,,1,1,0.714285714,,1.4,0.857142857,1,1,1.5,,,1.75,1.2,
16351,,,,5,3,,,,,,,,,,,,,,5,5,,5,7,,5,7,,,,,5,5,,5,7,,5,7,,5,6,,5,4,,5,4,,5,4,,5,4,,5,5,,,,,1,7/18/2018,Medicinska,2017/2018,DL,0,Ž,,1.666666667,,,,,1,0.714285714,0.714285714,,1,0.714285714,0.714285714,0.833333333,1.25,1.25,1.25,1.25,1,
16352,,,,8,3,6/17/2019,,,,,,,,,,,,,6,5,9/14/2019,8,7,2/9/2019,7,7,8/31/2020,,,,8,5,1/23/2019,6,7,8/30/2019,6,7,1/31/2019,7,6,9/5/2019,6,4,6/18/2019,,,,,,,6,4,1/22/2019,7,5,6/27/2019,,,,1,7/18/2018,Gimnazija,2017/2018,DL,0,M,,2.666666667,,,,,1.2,1.142857143,1,,1.6,0.857142857,0.857142857,1.166666667,1.5,,,1.5,1.4,
16353,,,,7,3,9/17/2019,,,,,,,,,,,,,5,5,,6,7,7/6/2020,5,7,,,,,7,5,1/23/2019,6,7,7/8/2020,7,7,2/14/2019,6,6,6/26/2020,9,4,6/18/2019,5,4,,5,4,,6,4,1/22/2019,6,5,9/6/2019,5,,,1,7/18/2018,Gimnazija,2017/2018,DL,0,Ž,,2.333333333,,,,,1,0.857142857,0.714285714,,1.4,0.857142857,1,1,2.25,1.25,1.25,1.5,1.2,
16354,,,,8,3,7/1/2019,,,,,,,,,,,,,10,5,7/6/2019,8,7,1/26/2019,6,7,8/31/2020,,,,9,5,1/23/2019,6,7,8/30/2019,6,7,2/14/2019,6,6,6/25/2019,7,4,7/16/2019,,,,,,,8,4,1/22/2019,7,5,7/15/2019,,,,1,7/18/2018,Medresa,2017/2018,DL,0,M,,2.666666667,,,,,2,1.142857143,0.857142857,,1.8,0.857142857,0.857142857,1,1.75,,,2,1.4,
16355,,,,6,3,9/14/2020,,,,,,,,,,,,,5,5,,5,7,,5,7,,,,,6,5,1/23/2019,5,7,,6,7,1/31/2019,5,6,,6,4,9/21/2019,5,4,,5,4,,6,4,9/10/2019,7,5,6/30/2020,,,,1,7/19/2018,Gimnazija,2017/18,DL,0,Ž,,2,,,,,1,0.714285714,0.714285714,,1.2,0.714285714,0.857142857,0.833333333,1.5,1.25,1.25,1.5,1.4,
16356,,,,7,3,6/17/2019,,,,,,,,,,,,,5,5,,5,7,,5,7,,,,,9,5,1/23/2019,5,7,,6,7,1/31/2019,5,6,,6,4,7/16/2019,,,,,,,8,4,1/22/2019,6,5,6/27/2019,,,,1,7/18/2018,Gimnazija,2011/2012,Redovan samofinansirajuæi,0,M,,2.333333333,,,,,1,0.714285714,0.714285714,,1.8,0.714285714,0.857142857,0.833333333,1.5,,,2,1.2,
16357,,,,8,3,6/17/2019,,,,,,,,,,,,,6,5,7/6/2019,10,7,2/9/2019,9,7,9/15/2020,,,,8,5,1/23/2019,6,7,8/30/2019,8,7,1/31/2019,6,6,6/25/2019,6,4,7/16/2019,,,,,,,7,4,1/22/2019,7,5,7/15/2019,,,,1,7/18/2018,Tehnièka,2017/2018,DL,0,M,,2.666666667,,,,,1.2,1.428571429,1.285714286,,1.6,0.857142857,1.142857143,1,1.5,,,1.75,1.4,
16358,,,,8,3,6/17/2019,,,,,,,,,,,,,7,5,7/24/2021,6,7,10/3/2019,7,7,9/9/2021,,,,8,5,1/23/2019,6,7,1/30/2019,6,7,2/14/2019,8,6,7/9/2019,7,4,6/18/2019,,,,,,,8,4,1/22/2019,8,5,7/15/2019,,,,1,7/18/2018,Medresa,2017/2018,DL,0,Ž,,2.666666667,,,,,1.4,0.857142857,1,,1.6,0.857142857,0.857142857,1.333333333,1.75,,,2,1.6,
16359,,,,7,3,6/17/2019,,,,,,,,,,,,,6,5,7/6/2019,10,7,1/26/2019,6,7,8/31/2020,,,,9,5,1/23/2019,6,7,1/30/2019,8,7,1/31/2019,7,6,6/25/2019,9,4,6/18/2019,,,,,,,8,4,1/22/2019,7,5,6/27/2019,,,,1,7/19/2018,Gimnazija,2017/18,Redovan samofinansirajuæi,0,M,,2.333333333,,,,,1.2,1.428571429,0.857142857,,1.8,0.857142857,1.142857143,1.166666667,2.25,,,2,1.4,
16360,,,,7,3,7/1/2019,,,,,,,,,,,,,5,5,,6,7,8/25/2020,7,7,9/20/2022,,,,6,5,1/23/2019,6,7,2/13/2019,6,7,1/31/2019,7,6,9/5/2019,7,4,6/18/2019,,,,,,,8,4,2/5/2019,7,5,6/30/2020,,,,1,7/18/2018,Medresa,2017/2018,DL,0,M,,2.333333333,,,,,1,0.857142857,1,,1.2,0.857142857,0.857142857,1.166666667,1.75,,,2,1.4,
16361,,,,9,3,6/17/2019,,,,,,,,,,,,,5,5,,5,7,,5,7,,,,,7,5,9/12/2019,5,7,,6,7,8/26/2019,5,6,,6,4,6/18/2019,,,,,,,8,4,1/22/2019,5,5,,,,,1,7/18/2018,Gimnazija,2017/2018,DL,0,M,,3,,,,,1,0.714285714,0.714285714,,1.4,0.714285714,0.857142857,0.833333333,1.5,,,2,1,
16362,,,,9,3,6/17/2019,,,,,,,,,,,,,9,5,7/6/2019,9,7,2/9/2019,6,7,9/4/2019,,,,7,5,1/23/2019,7,7,1/30/2019,7,7,1/31/2019,7,6,9/5/2019,8,4,6/18/2019,,,,,,,8,4,1/22/2019,8,5,7/15/2019,,,,1,7/18/2018,Gimnazija,2017/2018,DL,1,M,,3,,,,,1.8,1.285714286,0.857142857,,1.4,1,1,1.166666667,2,,,2,1.6,
16363,,,,7,3,6/17/2019,,,,,,,,,,,,,6,5,7/4/2020,6,7,6/29/2019,6,7,8/31/2020,,,,8,5,1/23/2019,6,7,9/13/2019,8,7,2/14/2019,6,6,10/3/2019,8,4,7/16/2019,,,,,,,8,4,1/22/2019,7,5,6/27/2019,,,,1,7/19/2018,Gimnazija,2017/18,DL,0,M,,2.333333333,,,,,1.2,0.857142857,0.857142857,,1.6,0.857142857,1.142857143,1,2,,,2,1.4,
16364,,,,10,3,6/17/2019,,,,,,,,,,,,,9,5,6/22/2019,10,7,1/26/2019,8,7,6/20/2019,,,,9,5,1/23/2019,10,7,1/30/2019,8,7,1/31/2019,9,6,6/25/2019,9,4,6/18/2019,,,,,,,10,4,1/22/2019,10,5,6/27/2019,,,,1,7/18/2018,Gimnazija,2017/2018,DL,1,M,,3.333333333,,,,,1.8,1.428571429,1.142857143,,1.8,1.428571429,1.142857143,1.5,2.25,,,2.5,2,
16365,,,,8,3,6/17/2019,,,,,,,,,,,,,8,5,8/31/2019,10,7,2/9/2019,6,7,6/20/2019,,,,8,5,1/23/2019,10,7,1/30/2019,9,7,1/31/2019,10,6,6/25/2019,8,4,6/18/2019,,,,,,,9,4,1/22/2019,6,5,6/27/2019,,,,1,7/18/2018,Ekonomska,2017/2018,Redovan samofinansirajuæi,0,Ž,,2.666666667,,,,,1.6,1.428571429,0.857142857,,1.6,1.428571429,1.285714286,1.666666667,2,,,2.25,1.2,
16366,,,,6,3,6/17/2019,,,,,,,,,,,,,5,5,,6,7,9/8/2020,5,7,,,,,8,5,1/23/2019,6,7,9/13/2019,7,7,2/14/2019,6,6,9/5/2019,9,4,7/16/2019,,,,,,,8,4,2/5/2019,6,5,7/15/2019,,,,1,7/19/2018,Mašinska,2017/18,Vanredan,0,M,,2,,,,,1,0.857142857,0.714285714,,1.6,0.857142857,1,1,2.25,,,2,1.2,
16367,,,,5,3,,,,,,,,,,,,,,5,5,,5,7,,5,7,,,,,5,5,,5,7,,5,7,,5,6,,5,4,,5,4,,5,4,,5,4,,5,5,,,,,1,7/18/2018,Gimnazija,2017/2018,DL,0,Ž,,1.666666667,,,,,1,0.714285714,0.714285714,,1,0.714285714,0.714285714,0.833333333,1.25,1.25,1.25,1.25,1,
16368,,,,8,3,6/17/2019,,,,,,,,,,,,,7,5,7/25/2020,7,7,6/29/2019,6,7,8/31/2020,,,,7,5,1/23/2019,8,7,8/30/2019,7,7,2/14/2019,10,6,6/25/2019,6,4,9/2/2019,,,,,,,8,4,1/22/2019,6,5,9/6/2019,,,,1,7/18/2018,Gimnazija,2017/2018,DL,1,M,,2.666666667,,,,,1.4,1,0.857142857,,1.4,1.142857143,1,1.666666667,1.5,,,2,1.2,
16369,,,,8,3,9/3/2019,,,,,,,,,,,,,8,5,9/12/2020,7,7,1/26/2019,6,7,7/4/2019,,,,7,5,2/21/2019,6,7,2/13/2019,8,7,2/14/2019,6,6,7/9/2019,7,4,7/16/2019,,,,,,,8,4,1/22/2019,6,5,9/6/2019,,,,1,9/4/2018,Turistièko ugostiteljska,2017/18,DL,0,M,,2.666666667,,,,,1.6,1,0.857142857,,1.4,0.857142857,1.142857143,1,1.75,,,2,1.2,
16370,,,,7,3,6/17/2019,,,,,,,,,,,,,6,5,8/31/2019,10,7,6/29/2019,6,7,7/15/2020,,,,8,5,1/23/2019,9,7,2/13/2019,7,7,1/31/2019,6,6,6/25/2019,8,4,6/18/2019,,,,,,,7,4,1/22/2019,7,5,6/27/2019,,,,1,7/18/2018,Elektrotehnièka,2017/2018,Redovan samofinansirajuæi,0,M,,2.333333333,,,,,1.2,1.428571429,0.857142857,,1.6,1.285714286,1,1,2,,,1.75,1.4,
16371,,,,9,3,6/17/2019,,,,,,,,,,,,,6,5,8/31/2019,9,7,6/29/2019,7,7,9/4/2019,,,,6,5,1/23/2019,7,7,2/13/2019,7,7,2/14/2019,8,6,6/25/2019,8,4,6/18/2019,,,,,,,8,4,1/22/2019,7,5,6/27/2019,,,,1,7/18/2018,Gimnazija,2017/2018,Redovan samofinansirajuæi,0,Ž,,3,,,,,1.2,1.285714286,1,,1.2,1,1,1.333333333,2,,,2,1.4,
16372,,,,6,3,6/23/2022,,,,,,,,,,,,,5,5,,5,7,,5,7,,,,,7,5,1/23/2019,5,7,,5,7,,5,6,,6,4,6/29/2022,5,4,,5,4,,6,4,2/5/2019,7,5,7/15/2019,5,4,,1,7/19/2018,Tehnièka,2016/17,Vanredan,0,M,,2,,,,,1,0.714285714,0.714285714,,1.4,0.714285714,0.714285714,0.833333333,1.5,1.25,1.25,1.5,1.4,1.25
16374,,,,7,3,6/17/2019,,,,,,,,,,,,,6,5,8/31/2019,9,7,1/26/2019,8,7,7/4/2019,,,,8,5,1/23/2019,6,7,2/13/2019,8,7,2/14/2019,6,6,6/25/2019,6,4,6/18/2019,,,,,,,8,4,1/22/2019,8,5,6/27/2019,,,,1,7/18/2018,Gimnazija,2017/2018,DL,0,M,,2.333333333,,,,,1.2,1.285714286,1.142857143,,1.6,0.857142857,1.142857143,1,1.5,,,2,1.6,
16375,,,,8,3,6/17/2019,,,,,,,,,,,,,10,5,9/14/2019,10,7,1/26/2019,6,7,6/20/2019,,,,9,5,1/23/2019,8,7,1/30/2019,8,7,1/31/2019,8,6,6/25/2019,8,4,6/18/2019,,,,,,,7,4,1/22/2019,7,5,6/27/2019,,,,1,9/4/2018,Gimnazija,2017/18,DL,0,M,,2.666666667,,,,,2,1.428571429,0.857142857,,1.8,1.142857143,1.142857143,1.333333333,2,,,1.75,1.4,
16376,,,,6,3,6/17/2019,,,,,,,,,,,,,5,5,,5,7,,5,7,,,,,7,5,1/23/2019,5,7,,5,7,,5,6,,6,4,7/16/2019,5,4,,5,4,,6,4,2/5/2019,5,5,,,,,1,7/18/2018,Gimnazija,2017/2018,DL,0,M,,2,,,,,1,0.714285714,0.714285714,,1.4,0.714285714,0.714285714,0.833333333,1.5,1.25,1.25,1.5,1,
16377,,,,6,3,6/17/2019,,,,,,,,,,,,,5,5,,5,7,,5,7,,,,,7,5,2/6/2019,5,7,,5,7,,5,6,,5,4,,5,4,,5,4,,7,4,1/22/2019,5,5,,,,,1,7/18/2018,Gimnazija,2017/2018,DL,0,M,,2,,,,,1,0.714285714,0.714285714,,1.4,0.714285714,0.714285714,0.833333333,1.25,1.25,1.25,1.75,1,
16378,,,,5,3,,,,,,,,,,,,,,5,5,,5,7,,5,7,,,,,6,5,1/23/2019,7,7,1/30/2019,7,7,8/26/2019,5,6,,6,4,7/16/2019,,,,,,,6,4,8/27/2019,6,5,9/24/2020,,,,1,7/18/2018,Gimnazija,2017/2018,DL,0,M,,1.666666667,,,,,1,0.714285714,0.714285714,,1.2,1,1,0.833333333,1.5,,,1.5,1.2,
16379,,,,8,3,6/17/2019,,,,,,,,,,,,,6,5,6/22/2019,8,7,1/26/2019,6,7,9/4/2019,,,,8,5,1/23/2019,7,7,1/30/2019,8,7,1/31/2019,8,6,6/25/2019,6,4,6/18/2019,,,,,,,9,4,1/22/2019,9,5,6/27/2019,,,,1,7/18/2018,Elektrotehnièka,2017/2018,DL,0,M,,2.666666667,,,,,1.2,1.142857143,0.857142857,,1.6,1,1.142857143,1.333333333,1.5,,,2.25,1.8,
16380,,,,5,3,,,,,,,,,,,,,,5,5,,5,7,,5,7,,,,,7,5,1/23/2019,5,7,,5,7,,5,6,,6,4,7/16/2019,5,4,,5,4,,5,4,,5,5,,5,4,,1,9/18/2018,Ekonomska,2017/2018,DL,0,M,,1.666666667,,,,,1,0.714285714,0.714285714,,1.4,0.714285714,0.714285714,0.833333333,1.5,1.25,1.25,1.25,1,1.25
16381,,,,6,3,6/17/2019,,,,,,,,,,,,,5,5,,5,7,,5,7,,,,,7,5,1/23/2019,5,7,,6,7,1/31/2019,5,6,,6,4,6/18/2019,5,4,,5,4,,6,4,1/22/2019,5,5,,,,,1,7/19/2018,Medicinska,2017/18,DL,0,M,,2,,,,,1,0.714285714,0.714285714,,1.4,0.714285714,0.857142857,0.833333333,1.5,1.25,1.25,1.5,1,
16382,,,,7,3,6/17/2019,,,,,,,,,,,,,8,5,7/4/2020,10,7,1/26/2019,6,7,9/15/2020,,,,8,5,1/23/2019,7,7,7/3/2019,7,7,1/31/2019,6,6,7/9/2019,7,4,6/18/2019,,,,,,,8,4,1/22/2019,8,5,7/15/2019,,,,1,7/19/2018,Gimnazija,2017/18,DL,0,M,,2.333333333,,,,,1.6,1.428571429,0.857142857,,1.6,1,1,1,1.75,,,2,1.6,
16383,,,,6,3,6/17/2019,,,,,,,,,,,,,5,5,,7,7,8/24/2019,5,7,,,,,7,5,1/23/2019,6,7,2/13/2019,6,7,1/31/2019,6,6,7/17/2020,6,4,6/18/2019,,,,,,,6,4,1/22/2019,6,5,7/15/2019,,,,1,7/19/2018,Medicinska,2017/2018,DL,0,Ž,,2,,,,,1,1,0.714285714,,1.4,0.857142857,0.857142857,1,1.5,,,1.5,1.2,
16384,,,,8,3,6/17/2019,,,,,,,,,,,,,6,5,7/6/2019,10,7,1/26/2019,6,7,9/4/2019,,,,8,5,1/23/2019,8,7,2/13/2019,7,7,1/31/2019,8,6,6/25/2019,7,4,6/18/2019,,,,,,,9,4,1/22/2019,7,5,6/27/2019,,,,1,7/19/2018,Elektrotehnièka,2017/2018,Redovan samofinansirajuæi,0,M,,2.666666667,,,,,1.2,1.428571429,0.857142857,,1.6,1.142857143,1,1.333333333,1.75,,,2.25,1.4,
16385,,,,8,3,6/17/2019,,,,,,,,,,,,,6,5,7/6/2019,8,7,2/9/2019,9,7,9/4/2019,,,,8,5,1/23/2019,8,7,1/30/2019,6,7,1/31/2019,8,6,6/25/2019,9,4,6/18/2019,,,,,,,7,4,1/22/2019,7,5,6/27/2019,,,,1,9/5/2018,Gimnazija,2017/18,DL,1,M,,2.666666667,,,,,1.2,1.142857143,1.285714286,,1.6,1.142857143,0.857142857,1.333333333,2.25,,,1.75,1.4,
16386,,,,8,3,6/17/2019,,,,,,,,,,,,,6,5,7/25/2020,6,7,2/15/2020,8,7,9/9/2021,,,,8,5,1/23/2019,10,7,2/13/2019,7,7,1/31/2019,6,6,6/26/2020,6,4,6/18/2019,,,,,,,8,4,1/22/2019,8,5,7/15/2019,,,,1,7/19/2018,Gimnazija,2017/2018,DL,0,M,,2.666666667,,,,,1.2,0.857142857,1.142857143,,1.6,1.428571429,1,1,1.5,,,2,1.6,
16387,,,,6,3,7/1/2019,,,,,,,,,,,,,9,5,7/24/2021,6,7,9/7/2019,6,7,9/23/2021,,,,8,5,1/23/2019,6,7,9/13/2019,6,7,1/31/2019,6,6,7/9/2019,7,4,6/18/2019,,,,,,,7,4,2/5/2019,7,5,6/27/2019,,,,1,7/19/2018,Gimnazija,2017/2018,DL,0,M,,2,,,,,1.8,0.857142857,0.857142857,,1.6,0.857142857,0.857142857,1,1.75,,,1.75,1.4,
16388,,,,8,3,6/17/2019,,,,,,,,,,,,,7,5,7/6/2019,10,7,1/26/2019,8,7,9/4/2019,,,,8,5,1/23/2019,6,7,2/13/2019,6,7,1/31/2019,6,6,6/25/2019,8,4,6/18/2019,,,,,,,7,4,1/22/2019,9,5,7/15/2019,,,,1,7/19/2018,Elektrotehnièka,2017/18,Redovan samofinansirajuæi,0,M,,2.666666667,,,,,1.4,1.428571429,1.142857143,,1.6,0.857142857,0.857142857,1,2,,,1.75,1.8,
16389,,,,8,3,6/17/2019,,,,,,,,,,,,,6,5,7/4/2020,8,7,9/7/2019,9,7,9/9/2021,,,,9,5,1/23/2019,10,7,2/13/2019,7,7,1/31/2019,8,6,6/25/2019,8,4,6/18/2019,,,,,,,9,4,1/22/2019,8,5,7/15/2019,,,,1,7/19/2018,Gimnazija,2017/2018,DL,0,M,,2.666666667,,,,,1.2,1.142857143,1.285714286,,1.8,1.428571429,1,1.333333333,2,,,2.25,1.6,
16390,,,,8,3,7/1/2019,,,,,,,,,,,,,5,5,,5,7,,5,7,,,,,7,5,1/23/2019,5,7,,5,7,,5,6,,5,4,,5,4,,5,4,,9,4,1/22/2019,5,5,,5,4,,1,7/19/2018,Elektrotehnièka,2017/2018,DL,0,M,,2.666666667,,,,,1,0.714285714,0.714285714,,1.4,0.714285714,0.714285714,0.833333333,1.25,1.25,1.25,2.25,1,1.25
16391,,,,7,3,6/17/2019,,,,,,,,,,,,,7,5,7/4/2020,9,7,6/29/2019,6,7,7/15/2020,,,,8,5,1/23/2019,6,7,8/30/2019,6,7,1/31/2019,6,6,9/5/2019,7,4,6/18/2019,,,,,,,6,4,1/22/2019,6,5,6/27/2019,,,,1,7/19/2018,Elektrotehnièka,2017/18,DL,0,M,,2.333333333,,,,,1.4,1.285714286,0.857142857,,1.6,0.857142857,0.857142857,1,1.75,,,1.5,1.2,
16392,,,,10,3,6/17/2019,,,,,,,,,,,,,9,5,7/4/2020,10,7,8/24/2019,9,7,6/24/2020,,,,8,5,1/23/2019,8,7,1/30/2019,9,7,1/31/2019,8,6,6/25/2019,8,4,6/18/2019,,,,,,,9,4,1/22/2019,9,5,6/27/2019,,,,1,9/5/2018,Gimnazija,2017/18,DL,1,Ž,,3.333333333,,,,,1.8,1.428571429,1.285714286,,1.6,1.142857143,1.285714286,1.333333333,2,,,2.25,1.8,
16393,,,,6,3,7/1/2019,,,,,,,,,,,,,5,5,,5,7,,5,7,,,,,6,5,1/21/2020,5,7,,7,7,2/14/2019,5,6,,5,4,,5,4,,5,4,,6,4,2/5/2019,5,5,,5,4,,1,7/19/2018,Elektrotehnièka,2017/2018,DL,0,M,,2,,,,,1,0.714285714,0.714285714,,1.2,0.714285714,1,0.833333333,1.25,1.25,1.25,1.5,1,1.25
16394,,,,9,3,6/17/2019,,,,,,,,,,,,,6,5,7/25/2020,10,7,9/7/2019,6,7,7/15/2020,,,,8,5,1/23/2019,7,7,1/30/2019,7,7,1/31/2019,9,6,6/25/2019,8,4,6/18/2019,,,,,,,9,4,1/22/2019,8,5,6/27/2019,,,,1,7/19/2018,Gimnazija,2017/18,DL,1,Ž,,3,,,,,1.2,1.428571429,0.857142857,,1.6,1,1,1.5,2,,,2.25,1.6,
16395,,,,5,3,,,,,,,,,,,,,,5,5,,5,7,,5,7,,,,,8,5,1/23/2019,5,7,,5,7,,5,6,,8,4,7/16/2019,5,4,,5,4,,7,4,1/22/2019,5,5,,,,,1,7/19/2018,Medicinska,2017/2018,DL,0,M,,1.666666667,,,,,1,0.714285714,0.714285714,,1.6,0.714285714,0.714285714,0.833333333,2,1.25,1.25,1.75,1,
16396,,,,9,3,6/17/2019,,,,,,,,,,,,,6,5,6/22/2019,9,7,1/26/2019,7,7,7/4/2019,,,,8,5,1/23/2019,7,7,1/30/2019,7,7,1/31/2019,6,6,7/9/2019,7,4,9/2/2019,,,,,,,8,4,1/22/2019,6,5,6/27/2019,,,,1,7/19/2018,Gimnazija,2017/18,DL,0,M,,3,,,,,1.2,1.285714286,1,,1.6,1,1,1,1.75,,,2,1.2,
16398,,,,5,3,,,,,,,,,,,,,,5,5,,5,7,,5,7,,,,,5,5,,5,7,,5,7,,5,6,,5,4,,5,4,,5,4,,5,4,,5,5,,,,,1,7/19/2018,Medresa,2017/18,DL,0,Ž,,1.666666667,,,,,1,0.714285714,0.714285714,,1,0.714285714,0.714285714,0.833333333,1.25,1.25,1.25,1.25,1,
16399,,,,6,3,6/17/2019,,,,,,,,,,,,,5,5,,5,7,,5,7,,,,,7,5,2/6/2019,5,7,,6,7,2/14/2019,5,6,,5,4,,5,4,,5,4,,7,4,1/22/2019,5,5,,,,,1,7/19/2018,Medicinska,2017/2018,DL,0,M,,2,,,,,1,0.714285714,0.714285714,,1.4,0.714285714,0.857142857,0.833333333,1.25,1.25,1.25,1.75,1,
16400,,,,7,3,6/17/2019,,,,,,,,,,,,,9,5,7/25/2020,6,7,9/7/2019,6,7,9/9/2021,,,,8,5,1/23/2019,7,7,9/13/2019,8,7,2/14/2019,6,6,7/9/2019,6,4,6/18/2019,,,,,,,8,4,1/22/2019,8,5,7/15/2019,,,,1,7/19/2018,Ekonomska,2017/18,DL,0,Ž,,2.333333333,,,,,1.8,0.857142857,0.857142857,,1.6,1,1.142857143,1,1.5,,,2,1.6,
16401,,,,8,3,6/17/2019,,,,,,,,,,,,,6,5,7/4/2020,6,7,6/29/2019,6,7,7/15/2020,,,,7,5,1/23/2019,6,7,9/13/2019,6,7,1/31/2019,6,6,9/5/2019,6,4,6/18/2019,,,,,,,8,4,1/22/2019,7,5,7/15/2019,,,,1,7/19/2018,Elektrotehnièka,2015/16,DL,0,M,,2.666666667,,,,,1.2,0.857142857,0.857142857,,1.4,0.857142857,0.857142857,1,1.5,,,2,1.4,
16402,,,,9,3,6/17/2019,,,,,,,,,,,,,8,5,6/22/2019,10,7,2/9/2019,9,7,9/4/2019,,,,8,5,1/23/2019,7,7,1/30/2019,7,7,1/31/2019,7,6,6/25/2019,8,4,6/18/2019,,,,,,,9,4,1/22/2019,7,5,6/27/2019,,,,1,7/19/2018,Gimnazija,2017/18,Redovan samofinansirajuæi,1,M,,3,,,,,1.6,1.428571429,1.285714286,,1.6,1,1,1.166666667,2,,,2.25,1.4,
16403,,,,8,3,6/17/2019,,,,,,,,,,,,,9,5,7/6/2019,9,7,1/26/2019,8,7,6/24/2020,,,,8,5,1/23/2019,8,7,1/30/2019,7,7,1/31/2019,8,6,6/25/2019,7,4,6/18/2019,,,,,,,9,4,1/22/2019,8,5,6/27/2019,,,,1,7/19/2018,Medresa,2017/2018,Redovan samofinansirajuæi,0,M,,2.666666667,,,,,1.8,1.285714286,1.142857143,,1.6,1.142857143,1,1.333333333,1.75,,,2.25,1.6,
16404,,,,9,3,6/17/2019,,,,,,,,,,,,,7,5,7/24/2021,6,7,2/9/2019,6,7,7/15/2020,,,,8,5,1/23/2019,9,7,1/30/2019,8,7,1/31/2019,7,6,9/19/2019,8,4,7/16/2019,,,,,,,10,4,1/22/2019,7,5,6/27/2019,,,,1,7/19/2018,Gimnazija,2017/2018,DL,0,M,,3,,,,,1.4,0.857142857,0.857142857,,1.6,1.285714286,1.142857143,1.166666667,2,,,2.5,1.4,
16405,,,,6,3,9/14/2020,,,,,,,,,,,,,5,5,,6,7,9/8/2020,5,7,,,,,7,5,1/23/2019,6,7,9/10/2020,6,7,1/31/2019,6,6,9/5/2020,6,4,7/23/2020,,,,,,,6,4,8/27/2019,6,5,6/30/2020,,,,1,7/19/2018,Medresa,2017/2018,Vanredan,0,M,,2,,,,,1,0.857142857,0.714285714,,1.4,0.857142857,0.857142857,1,1.5,,,1.5,1.2,
16406,,,,7,3,6/17/2019,,,,,,,,,,,,,5,5,,6,7,2/25/2023,5,7,,,,,7,5,1/23/2019,5,7,,6,7,9/3/2021,6,6,7/18/2022,6,4,7/16/2019,,,,,,,7,4,2/5/2019,8,5,6/29/2021,,,,1,7/19/2018,Gimnazija,2016/2017,Vanredan,0,M,,2.333333333,,,,,1,0.857142857,0.714285714,,1.4,0.714285714,0.857142857,1,1.5,,,1.75,1.6,
16407,,,,7,3,6/17/2019,,,,,,,,,,,,,5,5,,7,7,9/2/2021,5,7,,,,,8,5,1/23/2019,7,7,2/13/2019,7,7,2/14/2019,6,6,9/5/2019,6,4,6/18/2019,,,,,,,6,4,2/5/2019,6,5,7/15/2019,,,,1,7/19/2018,Gimnazija,2017/18,Vanredan,0,M,,2.333333333,,,,,1,1,0.714285714,,1.6,1,1,1,1.5,,,1.5,1.2,
16408,,,,9,3,6/17/2019,,,,,,,,,,,,,6,5,7/4/2020,9,7,8/24/2019,7,7,9/15/2020,,,,8,5,1/23/2019,6,7,1/30/2019,9,7,2/14/2019,8,6,9/5/2019,7,4,6/18/2019,,,,,,,9,4,1/22/2019,7,5,7/15/2019,,,,1,7/19/2018,Gimnazija,2016/2017,DL,0,Ž,,3,,,,,1.2,1.285714286,1,,1.6,0.857142857,1.285714286,1.333333333,1.75,,,2.25,1.4,
16409,,,,7,3,6/17/2019,,,,,,,,,,,,,8,5,9/25/2021,8,7,9/7/2019,9,7,9/9/2021,,,,7,5,1/23/2019,6,7,8/30/2019,7,7,2/14/2019,6,6,9/5/2019,6,4,7/16/2019,,,,,,,6,4,1/22/2019,7,5,7/15/2019,,,,1,7/19/2018,Mašinska,2014/15,DL,0,M,,2.333333333,,,,,1.6,1.142857143,1.285714286,,1.4,0.857142857,1,1,1.5,,,1.5,1.4,
16410,,,,6,3,6/17/2019,,,,,,,,,,,,,6,5,9/12/2020,6,7,1/25/2020,5,7,,,,,7,5,1/23/2019,8,7,1/30/2019,8,7,2/14/2019,8,6,9/5/2019,6,4,6/18/2019,,,,,,,7,4,1/22/2019,6,5,9/6/2019,,,,1,7/19/2018,Gimnazija,2017/2018,DL,0,Ž,,2,,,,,1.2,0.857142857,0.714285714,,1.4,1.142857143,1.142857143,1.333333333,1.5,,,1.75,1.2,
16412,,,,5,3,,,,,,,,,,,,,,5,5,,5,7,,5,7,,,,,7,5,1/23/2019,9,7,2/13/2019,6,7,2/14/2019,5,6,,5,4,,5,4,,5,4,,6,4,1/22/2019,5,5,,5,4,,1,7/20/2018,Ostalo,2013/2014,DL,0,M,,1.666666667,,,,,1,0.714285714,0.714285714,,1.4,1.285714286,0.857142857,0.833333333,1.25,1.25,1.25,1.5,1,1.25
16413,,,,8,3,6/17/2019,,,,,,,,,,,,,9,5,9/14/2019,7,7,1/26/2019,9,7,6/24/2020,,,,9,5,1/23/2019,6,7,2/13/2019,7,7,1/31/2019,7,6,9/5/2019,6,4,6/18/2019,,,,,,,8,4,1/22/2019,8,5,7/15/2019,,,,1,7/18/2018,Gimnazija,2014/15,DL,0,Ž,,2.666666667,,,,,1.8,1,1.285714286,,1.8,0.857142857,1,1.166666667,1.5,,,2,1.6,
16414,,,,7,3,6/17/2019,,,,,,,,,,,,,8,5,7/25/2020,8,7,8/24/2019,6,7,6/25/2021,,,,7,5,1/23/2019,7,7,1/30/2019,7,7,2/14/2019,8,6,9/5/2019,6,4,6/18/2019,,,,,,,9,4,1/22/2019,6,5,6/27/2019,,,,1,7/19/2018,Elektrotehnièka,2014/15,DL,0,M,,2.333333333,,,,,1.6,1.142857143,0.857142857,,1.4,1,1,1.333333333,1.5,,,2.25,1.2,
16415,,,,6,3,7/1/2019,,,,,,,,,,,,,5,5,,5,7,,5,7,,,,,7,5,1/23/2019,6,7,9/13/2019,6,7,1/31/2019,6,6,9/5/2019,8,4,7/16/2019,5,4,,5,4,,7,4,1/22/2019,5,5,,5,4,,1,9/5/2018,Gimnazija,2017/2018,DL,0,M,,2,,,,,1,0.714285714,0.714285714,,1.4,0.857142857,0.857142857,1,2,1.25,1.25,1.75,1,1.25
16416,,,,8,3,6/17/2019,,,,,,,,,,,,,8,5,6/22/2019,7,7,1/26/2019,5,7,,,,,8,5,1/23/2019,6,7,8/30/2019,7,7,1/31/2019,6,6,9/5/2019,6,4,6/18/2019,,,,,,,8,4,1/22/2019,6,5,7/15/2019,,,,1,7/19/2018,Elektrotehnièka,2017/18,Vanredan,0,M,,2.666666667,,,,,1.6,1,0.714285714,,1.6,0.857142857,1,1,1.5,,,2,1.2,
16417,,,,9,3,6/17/2019,,,,,,,,,,,,,9,5,6/22/2019,9,7,1/26/2019,6,7,6/20/2019,,,,9,5,1/23/2019,10,7,1/30/2019,7,7,1/31/2019,10,6,6/25/2019,10,4,6/18/2019,,,,,,,9,4,1/22/2019,8,5,6/27/2019,,,,1,7/20/2018,Gimnazija,2017/2018,DL,1,Ž,,3,,,,,1.8,1.285714286,0.857142857,,1.8,1.428571429,1,1.666666667,2.5,,,2.25,1.6,
16418,,,,8,3,6/17/2019,,,,,,,,,,,,,5,5,,6,7,9/2/2021,5,7,,,,,7,5,1/23/2019,6,7,2/22/2022,6,7,8/26/2019,6,6,7/12/2021,6,4,7/16/2019,,,,,,,8,4,1/22/2019,6,5,7/15/2019,,,,1,7/19/2018,Gimnazija,2017/18,DL,0,M,,2.666666667,,,,,1,0.857142857,0.714285714,,1.4,0.857142857,0.857142857,1,1.5,,,2,1.2,
16419,,,,9,3,6/17/2019,,,,,,,,,,,,,8,5,10/3/2019,9,7,6/29/2019,7,7,9/4/2019,,,,8,5,1/23/2019,9,7,2/13/2019,8,7,1/31/2019,8,6,6/25/2019,10,4,6/18/2019,,,,,,,8,4,1/22/2019,8,5,6/27/2019,,,,1,7/20/2018,Gimnazija,2017/2018,DL,1,Ž,,3,,,,,1.6,1.285714286,1,,1.6,1.285714286,1.142857143,1.333333333,2.5,,,2,1.6,
16420,,,,9,3,6/17/2019,,,,,,,,,,,,,7,5,7/6/2019,10,7,2/9/2019,6,7,7/15/2020,,,,8,5,1/23/2019,8,7,2/13/2019,7,7,1/31/2019,6,6,6/25/2019,7,4,6/18/2019,,,,,,,10,4,1/22/2019,8,5,7/15/2019,,,,1,9/5/2018,Elektrotehnièka,2017/18,DL,0,Ž,,3,,,,,1.4,1.428571429,0.857142857,,1.6,1.142857143,1,1,1.75,,,2.5,1.6,
16421,,,,8,3,6/17/2019,,,,,,,,,,,,,5,5,,6,7,7/6/2020,5,7,,,,,8,5,1/23/2019,6,7,1/23/2020,6,7,2/14/2019,7,6,6/26/2020,6,4,7/16/2019,,,,,,,8,4,1/22/2019,7,5,7/20/2020,,,,1,7/20/2018,Gimnazija,2017/2018,DL,0,Ž,,2.666666667,,,,,1,0.857142857,0.714285714,,1.6,0.857142857,0.857142857,1.166666667,1.5,,,2,1.4,
16422,,,,5,3,,,,,,,,,,,,,,5,5,,5,7,,5,7,,,,,5,5,,5,7,,6,7,2/14/2019,5,6,,5,4,,5,4,,5,4,,8,4,2/5/2019,5,5,,,,,1,7/20/2018,Gimnazija,2017/2018,DL,0,M,,1.666666667,,,,,1,0.714285714,0.714285714,,1,0.714285714,0.857142857,0.833333333,1.25,1.25,1.25,2,1,
16423,,,,7,3,6/17/2019,,,,,,,,,,,,,9,5,7/25/2020,6,7,6/29/2019,6,7,7/15/2020,,,,7,5,1/23/2019,7,7,1/30/2019,6,7,1/31/2019,8,6,9/5/2019,7,4,6/18/2019,,,,,,,9,4,1/22/2019,7,5,7/15/2019,,,,1,7/19/2018,Gimnazija,2017/18,Redovan samofinansirajuæi,0,Ž,,2.333333333,,,,,1.8,0.857142857,0.857142857,,1.4,1,0.857142857,1.333333333,1.75,,,2.25,1.4,
16424,,,,9,3,6/17/2019,,,,,,,,,,,,,7,5,10/3/2019,6,7,6/29/2019,9,7,9/15/2020,,,,7,5,1/23/2019,8,7,2/13/2019,8,7,2/14/2019,8,6,7/9/2019,6,4,6/18/2019,,,,,,,9,4,1/22/2019,7,5,6/27/2019,,,,1,7/20/2018,Gimnazija,2017/2018,DL,0,M,,3,,,,,1.4,0.857142857,1.285714286,,1.4,1.142857143,1.142857143,1.333333333,1.5,,,2.25,1.4,
16425,,,,9,3,6/17/2019,,,,,,,,,,,,,7,5,7/6/2019,7,7,1/26/2019,9,7,9/4/2019,,,,9,5,1/23/2019,8,7,1/30/2019,9,7,1/31/2019,9,6,6/25/2019,9,4,6/18/2019,,,,,,,9,4,1/22/2019,6,5,6/27/2019,,,,1,7/19/2018,Gimnazija,2017/18,DL,1,Ž,,3,,,,,1.4,1,1.285714286,,1.8,1.142857143,1.285714286,1.5,2.25,,,2.25,1.2,
16428,,,,6,3,7/1/2019,,,,,,,,,,,,,5,5,,6,7,10/3/2019,6,7,9/6/2022,,,,6,5,1/23/2019,6,7,2/13/2019,6,7,1/31/2019,7,6,7/9/2019,6,4,6/18/2019,,,,,,,6,4,1/22/2019,6,5,7/15/2019,,,,1,7/20/2018,Elektrotehnièka,2017/2018,Vanredan,0,Ž,,2,,,,,1,0.857142857,0.857142857,,1.2,0.857142857,0.857142857,1.166666667,1.5,,,1.5,1.2,
16429,,,,5,3,,,,,,,,,,,,,,5,5,,5,7,,5,7,,,,,5,5,,5,7,,5,7,,5,6,,5,4,,5,4,,5,4,,5,4,,5,5,,,,,1,9/7/2018,Tehnièka,2017/18,DL,0,M,,1.666666667,,,,,1,0.714285714,0.714285714,,1,0.714285714,0.714285714,0.833333333,1.25,1.25,1.25,1.25,1,
16430,,,,5,3,,,,,,,,,,,,,,5,5,,5,7,,5,7,,,,,6,5,1/23/2019,5,7,,8,7,1/31/2019,5,6,,5,4,,5,4,,5,4,,5,4,,5,5,,,,,1,7/20/2018,Gimnazija,2017/2018,DL,0,M,,1.666666667,,,,,1,0.714285714,0.714285714,,1.2,0.714285714,1.142857143,0.833333333,1.25,1.25,1.25,1.25,1,
16431,,,,9,3,6/17/2019,,,,,,,,,,,,,7,5,9/12/2020,7,7,6/29/2019,6,7,7/16/2021,,,,7,5,1/23/2019,6,7,9/2/2022,8,7,2/14/2019,6,6,9/5/2020,8,4,6/18/2019,,,,,,,8,4,1/22/2019,7,5,7/15/2019,,,,1,7/20/2018,Medresa,2017/2018,DL,0,M,,3,,,,,1.4,1,0.857142857,,1.4,0.857142857,1.142857143,1,2,,,2,1.4,
16432,,,,6,3,6/17/2019,,,,,,,,,,,,,5,5,,5,7,,5,7,,,,,5,5,,5,7,,5,7,,5,6,,5,4,,5,4,,5,4,,6,4,2/5/2019,5,5,,,,,1,8/24/2018,Elektrotehnièka,2016/17,DL,0,Ž,,2,,,,,1,0.714285714,0.714285714,,1,0.714285714,0.714285714,0.833333333,1.25,1.25,1.25,1.5,1,
16433,,,,8,3,6/17/2019,,,,,,,,,,,,,6,5,9/26/2020,6,7,9/7/2019,7,7,7/16/2021,,,,8,5,1/23/2019,6,7,1/30/2019,8,7,2/14/2019,6,6,9/5/2019,6,4,6/18/2019,,,,,,,9,4,1/22/2019,6,5,7/15/2019,,,,1,8/24/2018,Gimnazija,2017/18,DL,0,Ž,,2.666666667,,,,,1.2,0.857142857,1,,1.6,0.857142857,1.142857143,1,1.5,,,2.25,1.2,
16434,,,,5,3,,,,,,,,,,,,,,5,5,,5,7,,5,7,,,,,7,5,1/23/2019,5,7,,5,7,,5,6,,5,4,,5,4,,5,4,,7,4,1/22/2019,5,5,,,,,1,7/20/2018,Elektrotehnièka,2000/2001,DL,0,M,,1.666666667,,,,,1,0.714285714,0.714285714,,1.4,0.714285714,0.714285714,0.833333333,1.25,1.25,1.25,1.75,1,
16435,,,,5,3,,,,,,,,,,,,,,5,5,,7,7,2/9/2019,5,7,,,,,8,5,1/23/2019,6,7,2/13/2019,7,7,8/26/2019,5,6,,5,4,,5,4,,5,4,,7,4,9/10/2019,6,5,7/15/2019,,,,1,7/20/2018,Elektrotehnièka,2014/15,DL,0,M,,1.666666667,,,,,1,1,0.714285714,,1.6,0.857142857,1,0.833333333,1.25,1.25,1.25,1.75,1.2,
16436,,,,6,3,7/1/2019,,,,,,,,,,,,,8,5,9/9/2023,7,7,9/7/2019,8,7,9/6/2022,,,,7,5,1/23/2019,6,7,2/15/2021,7,7,2/14/2019,6,6,9/5/2020,7,4,9/21/2019,,,,,,,6,4,1/22/2019,7,5,7/15/2019,,,,1,7/20/2018,Medresa,2017/2018,DL,0,M,,2,,,,,1.6,1,1.142857143,,1.4,0.857142857,1,1,1.75,,,1.5,1.4,
16437,,,,9,3,6/17/2019,,,,,,,,,,,,,5,5,,5,7,,5,7,,,,,8,5,1/23/2019,5,7,,7,7,1/31/2019,5,6,,5,4,,5,4,,5,4,,9,4,1/22/2019,5,5,,,,,1,7/20/2018,Turistièko ugostiteljska,2017/2018,DL,0,M,,3,,,,,1,0.714285714,0.714285714,,1.6,0.714285714,1,0.833333333,1.25,1.25,1.25,2.25,1,
16438,,,,7,3,7/1/2019,,,,,,,,,,,,,5,5,,9,7,2/9/2019,5,7,,,,,8,5,1/23/2019,5,7,,6,7,1/31/2019,5,6,,5,4,,5,4,,5,4,,8,4,1/22/2019,6,5,7/15/2019,,,,1,8/24/2018,Katolièki školski centar,2013/14,DL,0,M,,2.333333333,,,,,1,1.285714286,0.714285714,,1.6,0.714285714,0.857142857,0.833333333,1.25,1.25,1.25,2,1.2,
16439,,,,9,3,6/17/2019,,,,,,,,,,,,,7,5,8/31/2019,8,7,2/9/2019,6,7,9/18/2019,,,,9,5,1/23/2019,8,7,1/30/2019,7,7,1/31/2019,9,6,6/25/2019,7,4,6/18/2019,,,,,,,9,4,1/22/2019,7,5,6/27/2019,,,,1,7/20/2018,Gimnazija,2017/2018,Redovan samofinansirajuæi,0,M,,3,,,,,1.4,1.142857143,0.857142857,,1.8,1.142857143,1,1.5,1.75,,,2.25,1.4,
16440,,,,6,3,6/17/2019,,,,,,,,,,,,,10,5,7/4/2020,10,7,1/26/2019,8,7,8/31/2020,,,,7,5,1/23/2019,8,7,8/30/2019,8,7,1/31/2019,8,6,9/5/2019,8,4,6/18/2019,,,,,,,7,4,1/22/2019,7,5,7/15/2019,,,,1,7/20/2018,Elektrotehnièka,2017/2018,DL,0,M,,2,,,,,2,1.428571429,1.142857143,,1.4,1.142857143,1.142857143,1.333333333,2,,,1.75,1.4,
16441,,,,7,3,6/17/2019,,,,,,,,,,,,,5,5,,5,7,,5,7,,,,,7,5,2/6/2019,5,7,,6,7,8/26/2019,5,6,,6,4,7/16/2019,5,4,,5,4,,6,4,2/5/2019,8,5,6/28/2022,5,4,,1,8/24/2018,Medicinska,2014/15,Vanredan,0,Ž,,2.333333333,,,,,1,0.714285714,0.714285714,,1.4,0.714285714,0.857142857,0.833333333,1.5,1.25,1.25,1.5,1.6,1.25
16442,,,,7,3,6/17/2019,,,,,,,,,,,,,6,5,7/4/2020,9,7,9/7/2019,6,7,9/15/2020,,,,8,5,1/23/2019,6,7,2/13/2019,6,7,1/31/2019,6,6,9/5/2019,6,4,6/18/2019,,,,,,,7,4,1/22/2019,7,5,6/27/2019,,,,1,7/20/2018,Mješovita srednja škola,2017/2018,DL,0,M,,2.333333333,,,,,1.2,1.285714286,0.857142857,,1.6,0.857142857,0.857142857,1,1.5,,,1.75,1.4,
16443,,,,7,3,6/17/2019,,,,,,,,,,,,,5,5,,6,7,9/7/2019,5,7,,,,,7,5,1/23/2019,6,7,10/3/2019,7,7,2/14/2019,7,6,6/25/2019,7,4,9/21/2019,,,,,,,8,4,1/22/2019,6,5,9/6/2019,,,,1,8/24/2018,Gimnazija,2011/12,DL,0,M,,2.333333333,,,,,1,0.857142857,0.714285714,,1.4,0.857142857,1,1.166666667,1.75,,,2,1.2,
16444,,,,7,3,6/17/2019,,,,,,,,,,,,,7,5,7/4/2020,10,7,1/26/2019,8,7,6/25/2021,,,,7,5,1/23/2019,7,7,1/30/2019,8,7,1/31/2019,6,6,7/9/2019,6,4,6/18/2019,,,,,,,8,4,1/22/2019,6,5,6/27/2019,,,,1,7/20/2018,Elektrotehnièka,2017/2018,DL,0,M,,2.333333333,,,,,1.4,1.428571429,1.142857143,,1.4,1,1.142857143,1,1.5,,,2,1.2,
16445,,,,5,3,,,,,,,,,,,,,,5,5,,5,7,,5,7,,,,,5,5,,5,7,,5,7,,5,6,,5,4,,5,4,,5,4,,5,4,,5,5,,,,,1,8/24/2018,Gimnazija,2015/2016,DL,0,M,,1.666666667,,,,,1,0.714285714,0.714285714,,1,0.714285714,0.714285714,0.833333333,1.25,1.25,1.25,1.25,1,
16446,,,,9,3,6/17/2019,,,,,,,,,,,,,8,5,6/22/2019,8,7,1/26/2019,7,7,9/4/2019,,,,9,5,1/23/2019,10,7,1/30/2019,8,7,1/31/2019,10,6,6/25/2019,8,4,6/18/2019,,,,,,,9,4,1/22/2019,8,5,6/27/2019,,,,1,7/20/2018,Elektrotehnièka,2017/2018,DL,1,M,,3,,,,,1.6,1.142857143,1,,1.8,1.428571429,1.142857143,1.666666667,2,,,2.25,1.6,
16447,,,,7,3,6/17/2019,,,,,,,,,,,,,5,5,,5,7,,5,7,,,,,6,5,1/23/2019,5,7,,7,7,1/31/2019,5,6,,5,4,,,,,,,,8,4,1/22/2019,6,5,6/27/2019,,,,1,7/20/2018,Elektrotehnièka,2017/2018,DL,0,M,,2.333333333,,,,,1,0.714285714,0.714285714,,1.2,0.714285714,1,0.833333333,1.25,,,2,1.2,
16448,,,,7,3,6/17/2019,,,,,,,,,,,,,7,5,7/6/2019,9,7,1/26/2019,6,7,7/15/2020,,,,9,5,1/23/2019,6,7,8/30/2019,6,7,1/31/2019,7,6,9/5/2019,6,4,6/18/2019,,,,,,,8,4,1/22/2019,6,5,9/6/2019,,,,1,8/24/2018,Tehnièka,2017/18,Redovan samofinansirajuæi,0,M,,2.333333333,,,,,1.4,1.285714286,0.857142857,,1.8,0.857142857,0.857142857,1.166666667,1.5,,,2,1.2,
16449,,,,6,3,7/1/2019,,,,,,,,,,,,,5,5,,5,7,,5,7,,,,,7,5,1/23/2019,7,7,2/13/2019,6,7,2/14/2019,7,6,7/9/2019,6,4,7/16/2019,5,4,,5,4,,8,4,1/22/2019,5,5,,,,,1,7/20/2018,Gimnazija,2017/2018,DL,0,M,,2,,,,,1,0.714285714,0.714285714,,1.4,1,0.857142857,1.166666667,1.5,1.25,1.25,2,1,
16450,,,,9,3,6/17/2019,,,,,,,,,,,,,6,5,7/4/2020,6,7,2/9/2019,7,7,6/25/2021,,,,9,5,1/23/2019,6,7,8/30/2019,8,7,1/31/2019,6,6,9/5/2019,8,4,6/18/2019,,,,,,,9,4,1/22/2019,6,5,7/15/2019,,,,1,7/20/2018,Elektrotehnièka,2017/2018,DL,0,M,,3,,,,,1.2,0.857142857,1,,1.8,0.857142857,1.142857143,1,2,,,2.25,1.2,
16451,,,,8,3,6/17/2019,,,,,,,,,,,,,6,5,9/25/2021,6,7,2/20/2021,5,7,,,,,6,5,1/23/2019,5,7,,7,7,9/9/2019,5,6,,7,4,7/2/2020,,,,,,,9,4,1/22/2019,8,5,7/20/2020,,,,1,8/23/2018,Gimnazija,2017/18,DL,0,M,,2.666666667,,,,,1.2,0.857142857,0.714285714,,1.2,0.714285714,1,0.833333333,1.75,,,2.25,1.6,
16452,,,,8,3,6/17/2019,,,,,,,,,,,,,5,5,,5,7,,5,7,,,,,7,5,1/23/2019,5,7,,6,7,2/14/2019,5,6,,5,4,,5,4,,5,4,,9,4,1/22/2019,6,5,7/15/2019,,,,1,7/20/2018,Gimnazija,2017/2018,DL,0,M,,2.666666667,,,,,1,0.714285714,0.714285714,,1.4,0.714285714,0.857142857,0.833333333,1.25,1.25,1.25,2.25,1.2,
16453,,,,6,3,7/1/2019,,,,,,,,,,,,,8,5,9/11/2021,8,7,9/8/2020,7,7,7/16/2021,,,,6,5,1/23/2019,5,7,,6,7,2/14/2019,6,6,6/26/2020,6,4,7/2/2020,,,,,,,6,4,1/22/2019,7,5,6/30/2020,,,,1,8/23/2018,Tehnièka,2015/2016,Vanredan,0,M,,2,,,,,1.6,1.142857143,1,,1.2,0.714285714,0.857142857,1,1.5,,,1.5,1.4,
16454,,,,5,3,,,,,,,,,,,,,,5,5,,5,7,,5,7,,,,,6,5,1/23/2019,5,7,,5,7,,5,6,,5,4,,5,4,,5,4,,5,4,,5,5,,,,,1,7/20/2018,Ekonomska,2017/2018,DL,0,M,,1.666666667,,,,,1,0.714285714,0.714285714,,1.2,0.714285714,0.714285714,0.833333333,1.25,1.25,1.25,1.25,1,
16455,,,,7,3,6/17/2019,,,,,,,,,,,,,5,5,,5,7,,5,7,,,,,8,5,1/23/2019,7,7,2/13/2019,7,7,1/31/2019,5,6,,6,4,7/16/2019,5,4,,5,4,,8,4,1/22/2019,7,5,7/15/2019,,,,1,8/23/2018,Gimnazija,2011/12,DL,0,M,,2.333333333,,,,,1,0.714285714,0.714285714,,1.6,1,1,0.833333333,1.5,1.25,1.25,2,1.4,
16457,,,,6,3,9/17/2019,,,,,,,,,,,,,5,5,,5,7,,5,7,,,,,7,5,1/23/2019,7,7,2/13/2019,7,7,1/14/2019,7,6,1/14/2019,7,4,6/18/2019,,,,,,,6,4,1/22/2019,7,5,9/20/2019,,,,1,8/23/2018,Gimnazija,2015/2016,DL,0,Ž,,2,,,,,1,0.714285714,0.714285714,,1.4,1,1,1.166666667,1.75,,,1.5,1.4,
16458,,,,8,3,6/17/2019,,,,,,,,,,,,,5,5,,5,7,,5,7,,,,,6,5,1/23/2019,5,7,,7,7,2/14/2019,5,6,,6,4,9/25/2020,5,4,,5,4,,8,4,1/22/2019,6,5,6/20/2020,5,4,,1,7/20/2018,Elektrotehnièka,2017/2018,DL,0,M,,2.666666667,,,,,1,0.714285714,0.714285714,,1.2,0.714285714,1,0.833333333,1.5,1.25,1.25,2,1.2,1.25
16459,,,,6,3,7/1/2019,,,,,,,,,,,,,10,5,7/6/2019,9,7,2/9/2019,6,7,6/24/2020,,,,8,5,1/23/2019,6,7,8/30/2019,7,7,2/14/2019,6,6,6/25/2019,7,4,6/18/2019,,,,,,,7,4,2/5/2019,6,5,7/15/2019,,,,1,8/23/2018,Gimnazija,2017/18,DL,1,M,,2,,,,,2,1.285714286,0.857142857,,1.6,0.857142857,1,1,1.75,,,1.75,1.2,
16460,,,,6,3,9/3/2019,,,,,,,,,,,,,8,5,10/3/2019,9,7,2/9/2019,6,7,7/4/2019,,,,8,5,1/23/2019,6,7,2/13/2019,7,7,1/31/2019,6,6,7/9/2019,6,4,7/16/2019,,,,,,,6,4,2/5/2019,6,5,7/15/2019,,,,1,7/20/2018,Mješovita srednja škola,2017/2018,Redovan samofinansirajuæi,0,M,,2,,,,,1.6,1.285714286,0.857142857,,1.6,0.857142857,1,1,1.5,,,1.5,1.2,
16461,,,,7,3,6/17/2019,,,,,,,,,,,,,10,5,6/22/2019,10,7,1/26/2019,5,7,,,,,9,5,1/23/2019,5,7,,7,7,1/31/2019,5,6,,6,4,7/16/2019,,,,,,,8,4,1/22/2019,8,5,7/15/2019,,,,1,9/8/2018,Mješovita srednja škola,2017/2018,DL,0,M,,2.333333333,,,,,2,1.428571429,0.714285714,,1.8,0.714285714,1,0.833333333,1.5,,,2,1.6,
16462,,,,6,3,6/17/2019,,,,,,,,,,,,,5,5,,6,7,9/7/2019,5,7,,,,,7,5,1/23/2019,5,7,,6,7,1/31/2019,6,6,9/5/2019,6,4,7/16/2019,,,,,,,8,4,1/22/2019,6,5,7/15/2019,,,,1,8/23/2018,Ekonomska,2001/2002,DL,0,M,,2,,,,,1,0.857142857,0.714285714,,1.4,0.714285714,0.857142857,1,1.5,,,2,1.2,
16463,,,,7,3,6/17/2019,,,,,,,,,,,,,6,5,9/12/2020,7,7,9/7/2019,6,7,7/16/2021,,,,7,5,1/23/2019,7,7,2/13/2019,6,7,2/14/2019,7,6,6/25/2019,7,4,6/18/2019,,,,,,,7,4,1/22/2019,8,5,7/15/2019,,,,1,7/20/2018,Gimnazija,2017/2018,DL,0,Ž,,2.333333333,,,,,1.2,1,0.857142857,,1.4,1,0.857142857,1.166666667,1.75,,,1.75,1.6,
16464,,,,8,3,6/17/2019,,,,,,,,,,,,,10,5,7/6/2019,6,7,1/26/2019,9,7,10/3/2019,,,,8,5,1/23/2019,7,7,8/30/2019,6,7,2/14/2019,5,6,,7,4,6/18/2019,,,,,,,8,4,1/22/2019,7,5,6/27/2019,,,,1,8/23/2018,Gimnazija,2017/18,DL,0,M,,2.666666667,,,,,2,0.857142857,1.285714286,,1.6,1,0.857142857,0.833333333,1.75,,,2,1.4,
16465,,,,8,3,6/17/2019,,,,,,,,,,,,,5,5,,5,7,,5,7,,,,,7,5,1/23/2019,5,7,,6,7,8/26/2019,6,6,9/5/2020,6,4,6/18/2019,,,,,,,9,4,1/22/2019,6,5,7/15/2019,,,,1,7/20/2018,Gimnazija,2017/2018,Vanredan,0,M,,2.666666667,,,,,1,0.714285714,0.714285714,,1.4,0.714285714,0.857142857,1,1.5,,,2.25,1.2,
16466,,,,7,3,6/17/2019,,,,,,,,,,,,,6,5,9/11/2021,7,7,6/29/2019,7,7,9/15/2020,,,,8,5,1/23/2019,7,7,1/30/2019,7,7,2/14/2019,7,6,6/25/2019,9,4,6/18/2019,,,,,,,8,4,1/22/2019,7,5,6/27/2019,,,,1,9/8/2018,Gimnazija,2017/2018,Redovan samofinansirajuæi,0,Ž,,2.333333333,,,,,1.2,1,1,,1.6,1,1,1.166666667,2.25,,,2,1.4,
16467,,,,9,3,6/17/2019,,,,,,,,,,,,,8,5,10/3/2019,6,7,1/26/2019,8,7,9/23/2021,,,,9,5,1/23/2019,6,7,8/30/2021,6,7,2/14/2019,6,6,9/5/2019,6,4,6/18/2019,,,,,,,9,4,1/22/2019,7,5,7/15/2019,,,,1,8/23/2018,Elektrotehnièka,2017/18,DL,0,M,,3,,,,,1.6,0.857142857,1.142857143,,1.8,0.857142857,0.857142857,1,1.5,,,2.25,1.4,
16468,,,,8,3,6/17/2019,,,,,,,,,,,,,6,5,7/4/2020,10,7,2/9/2019,5,7,,,,,8,5,1/23/2019,6,7,9/13/2019,7,7,1/31/2019,7,6,6/25/2019,6,4,6/18/2019,,,,,,,9,4,1/22/2019,8,5,7/15/2019,,,,1,8/23/2018,Gimnazija,2017/18,Vanredan,0,M,,2.666666667,,,,,1.2,1.428571429,0.714285714,,1.6,0.857142857,1,1.166666667,1.5,,,2.25,1.6,
16469,,,,8,3,6/17/2019,,,,,,,,,,,,,7,5,7/24/2021,6,7,2/15/2020,6,7,9/23/2021,,,,7,5,1/23/2019,6,7,2/13/2019,7,7,1/31/2019,7,6,7/9/2019,6,4,6/18/2019,,,,,,,8,4,1/22/2019,6,5,6/27/2019,,,,1,7/20/2018,Gimnazija,2017/2018,DL,0,Ž,,2.666666667,,,,,1.4,0.857142857,0.857142857,,1.4,0.857142857,1,1.166666667,1.5,,,2,1.2,
16470,,,,5,3,,,,,,,,,,,,,,5,5,,5,7,,5,7,,,,,7,5,1/23/2019,5,7,,5,7,,5,6,,5,4,,5,4,,5,4,,8,4,1/22/2019,5,5,,,,,1,7/20/2018,Gimnazija,2015/2016,DL,0,M,,1.666666667,,,,,1,0.714285714,0.714285714,,1.4,0.714285714,0.714285714,0.833333333,1.25,1.25,1.25,2,1,
16471,,,,7,3,6/17/2019,,,,,,,,,,,,,8,5,7/6/2019,9,7,1/26/2019,6,7,7/4/2019,,,,7,5,1/23/2019,6,7,1/30/2019,8,7,2/14/2019,8,6,6/25/2019,7,4,6/18/2019,,,,,,,7,4,1/22/2019,6,5,6/27/2019,,,,1,8/23/2018,Medresa,2017/18,Redovan samofinansirajuæi,0,M,,2.333333333,,,,,1.6,1.285714286,0.857142857,,1.4,0.857142857,1.142857143,1.333333333,1.75,,,1.75,1.2,
16472,,,,7,3,6/17/2019,,,,,,,,,,,,,8,5,7/25/2020,6,7,2/15/2020,5,7,,,,,7,5,1/23/2019,8,7,9/13/2019,7,7,2/14/2019,6,6,9/5/2019,7,4,6/18/2019,,,,,,,7,4,1/22/2019,8,5,7/15/2019,,,,1,7/20/2018,Gimnazija,2017/2018,Vanredan,0,M,,2.333333333,,,,,1.6,0.857142857,0.714285714,,1.4,1.142857143,1,1,1.75,,,1.75,1.6,
16473,,,,8,3,6/17/2019,,,,,,,,,,,,,5,5,,6,7,2/15/2020,5,7,,,,,7,5,1/23/2019,7,7,8/30/2019,7,7,2/14/2019,5,6,,6,4,9/9/2020,,,,,,,8,4,1/22/2019,8,5,7/20/2020,,,,1,7/21/2018,Gimnazija,2015/2016,DL,0,M,,2.666666667,,,,,1,0.857142857,0.714285714,,1.4,1,1,0.833333333,1.5,,,2,1.6,
16474,,,,8,3,6/17/2019,,,,,,,,,,,,,6,5,7/4/2020,9,7,2/9/2019,5,7,,,,,7,5,1/23/2019,8,7,1/30/2019,8,7,1/31/2019,8,6,7/9/2019,7,4,6/18/2019,,,,,,,9,4,1/22/2019,7,5,7/15/2019,,,,1,8/23/2018,Gimnazija,2017/2018,Vanredan,0,Ž,,2.666666667,,,,,1.2,1.285714286,0.714285714,,1.4,1.142857143,1.142857143,1.333333333,1.75,,,2.25,1.4,
16475,,,,5,3,,,,,,,,,,,,,,5,5,,5,7,,5,7,,,,,8,5,1/23/2019,5,7,,7,7,1/31/2019,5,6,,5,4,,5,4,,5,4,,7,4,1/22/2019,7,5,7/15/2019,5,4,,1,7/21/2018,Tehnièka,2015/2016,DL,0,M,,1.666666667,,,,,1,0.714285714,0.714285714,,1.6,0.714285714,1,0.833333333,1.25,1.25,1.25,1.75,1.4,1.25
16476,,,,6,3,9/3/2019,,,,,,,,,,,,,5,5,,6,7,9/8/2020,8,7,9/20/2022,,,,7,5,1/23/2019,8,7,1/30/2019,8,7,2/14/2019,6,6,9/19/2019,6,4,9/2/2019,,,,,,,6,4,2/5/2019,6,5,7/15/2019,,,,1,7/20/2018,Tehnièka,2017/2018,Vanredan,0,Ž,,2,,,,,1,0.857142857,1.142857143,,1.4,1.142857143,1.142857143,1,1.5,,,1.5,1.2,
16478,,,,6,3,6/17/2019,,,,,,,,,,,,,5,5,,5,7,,5,7,,,,,5,5,,5,7,,5,7,,5,6,,5,4,,5,4,,5,4,,7,4,1/22/2019,5,5,,,,,1,7/20/2018,Gimnazija,2017/2018,DL,0,M,,2,,,,,1,0.714285714,0.714285714,,1,0.714285714,0.714285714,0.833333333,1.25,1.25,1.25,1.75,1,
16479,,,,5,3,,,,,,,,,,,,,,5,5,,5,7,,5,7,,,,,5,5,,5,7,,5,7,,5,6,,5,4,,,,,,,,6,4,1/22/2019,5,5,,,,,1,9/8/2018,Turistièko ugostiteljska,2017/18,DL,0,M,,1.666666667,,,,,1,0.714285714,0.714285714,,1,0.714285714,0.714285714,0.833333333,1.25,,,1.5,1,
16480,,,,6,3,7/1/2021,,,,,,,,,,,,,5,5,,5,7,,5,7,,,,,6,5,1/23/2019,5,7,,6,7,2/14/2019,6,6,7/18/2022,5,4,,5,4,,5,4,,,4,1/22/2019,7,5,6/30/2020,6,4,1/27/2020,1,7/20/2018,Ostalo,2017/2018,Vanredan,0,M,,2,,,,,1,0.714285714,0.714285714,,1.2,0.714285714,0.857142857,1,1.25,1.25,1.25,0,1.4,1.5
16481,,,,7,3,6/17/2019,,,,,,,,,,,,,7,5,7/4/2020,7,7,2/9/2019,5,7,,,,,8,5,1/23/2019,6,7,9/13/2019,7,7,1/31/2019,6,6,9/5/2019,6,4,6/18/2019,,,,,,,8,4,1/22/2019,6,5,7/15/2019,,,,1,7/20/2018,Tehnièka,2017/2018,DL,0,M,,2.333333333,,,,,1.4,1,0.714285714,,1.6,0.857142857,1,1,1.5,,,2,1.2,
16482,,,,7,3,6/17/2019,,,,,,,,,,,,,6,5,7/4/2020,6,7,1/25/2020,8,7,9/9/2021,,,,7,5,1/23/2019,6,7,9/13/2019,7,7,1/31/2019,7,6,9/5/2019,6,4,6/18/2019,,,,,,,9,4,2/5/2019,8,5,7/15/2019,,,,1,7/21/2018,Gimnazija,2017/18,DL,0,Ž,,2.333333333,,,,,1.2,0.857142857,1.142857143,,1.4,0.857142857,1,1.166666667,1.5,,,2.25,1.6,
16483,,,,6,3,10/3/2019,,,,,,,,,,,,,7,5,7/4/2020,6,7,8/24/2019,6,7,6/25/2021,,,,7,5,1/23/2019,6,7,2/13/2019,8,7,2/14/2019,6,6,7/9/2019,6,4,7/16/2019,,,,,,,6,4,1/22/2019,6,5,6/27/2019,,,,1,7/20/2018,Tehnièka,2017/2018,DL,0,M,,2,,,,,1.4,0.857142857,0.857142857,,1.4,0.857142857,1.142857143,1,1.5,,,1.5,1.2,
16485,,,,5,3,,,,,,,,,,,,,,5,5,,5,7,,5,7,,,,,6,5,1/23/2019,5,7,,5,7,,5,6,,5,4,,5,4,,5,4,,8,4,1/22/2019,5,5,,,,,1,7/21/2018,Gimnazija,2016/17,DL,0,Ž,,1.666666667,,,,,1,0.714285714,0.714285714,,1.2,0.714285714,0.714285714,0.833333333,1.25,1.25,1.25,2,1,
16486,,,,9,3,6/17/2019,,,,,,,,,,,,,6,5,7/6/2019,10,7,1/26/2019,8,7,9/4/2019,,,,8,5,1/23/2019,8,7,1/30/2019,8,7,1/31/2019,8,6,6/25/2019,8,4,6/18/2019,,,,,,,9,4,1/22/2019,7,5,6/27/2019,,,,1,7/20/2018,Ostalo,2017/2018,Redovan samofinansirajuæi,1,Ž,,3,,,,,1.2,1.428571429,1.142857143,,1.6,1.142857143,1.142857143,1.333333333,2,,,2.25,1.4,
16487,,,,5,3,,,,,,,,,,,,,,5,5,,5,7,,5,7,,,,,7,5,1/23/2019,5,7,,5,7,,5,6,,5,4,,5,4,,5,4,,8,4,1/22/2019,5,5,,,,,1,9/8/2018,Medicinska,2015/2016,DL,0,M,,1.666666667,,,,,1,0.714285714,0.714285714,,1.4,0.714285714,0.714285714,0.833333333,1.25,1.25,1.25,2,1,
16488,,,,7,3,6/17/2019,,,,,,,,,,,,,5,5,,7,7,9/2/2021,5,7,,,,,7,5,1/23/2019,7,7,1/30/2019,7,7,2/14/2019,6,6,9/5/2019,6,4,9/2/2019,,,,,,,7,4,1/22/2019,6,5,7/15/2019,,,,1,7/20/2018,Ostalo,2017/2018,DL,0,M,,2.333333333,,,,,1,1,0.714285714,,1.4,1,1,1,1.5,,,1.75,1.2,
16489,,,,7,3,6/17/2019,,,,,,,,,,,,,6,5,7/4/2020,10,7,8/24/2019,8,7,9/15/2020,,,,7,5,1/23/2019,5,7,,7,7,1/31/2019,6,6,7/12/2021,8,4,6/18/2019,,,,,,,7,4,1/22/2019,6,5,7/15/2019,,,,1,7/20/2018,Elektrotehnièka,2014/2015,DL,0,M,,2.333333333,,,,,1.2,1.428571429,1.142857143,,1.4,0.714285714,1,1,2,,,1.75,1.2,
16490,,,,7,3,6/17/2019,,,,,,,,,,,,,7,5,7/4/2020,7,7,2/15/2020,7,7,7/16/2021,,,,7,5,1/23/2019,6,7,9/10/2020,6,7,2/14/2019,6,6,9/17/2020,6,4,7/16/2019,,,,,,,8,4,1/22/2019,6,5,9/6/2019,,,,1,7/21/2018,Gimnazija,2017/18,Vanredan,0,M,,2.333333333,,,,,1.4,1,1,,1.4,0.857142857,0.857142857,1,1.5,,,2,1.2,
16491,,,,7,3,7/1/2019,,,,,,,,,,,,,5,5,,6,7,7/4/2022,6,7,6/21/2023,,,,7,5,1/23/2019,6,7,9/13/2019,6,7,2/14/2019,6,6,7/9/2019,6,4,9/21/2019,,,,,,,8,4,8/27/2019,6,5,9/6/2019,,,,1,7/21/2018,Gimnazija,2017/2018,DL,0,Ž,,2.333333333,,,,,1,0.857142857,0.857142857,,1.4,0.857142857,0.857142857,1,1.5,,,2,1.2,
16494,,,,6,3,6/25/2020,,,,,,,,,,,,,5,5,,5,7,,5,7,,,,,6,5,8/29/2019,5,7,,6,7,2/5/2021,5,6,,6,4,9/21/2019,,,,,,,6,4,1/22/2019,6,5,6/30/2020,,,,1,7/21/2018,Gimnazija,2017/2018,DL,0,Ž,,2,,,,,1,0.714285714,0.714285714,,1.2,0.714285714,0.857142857,0.833333333,1.5,,,1.5,1.2,
16495,,,,8,3,6/17/2019,,,,,,,,,,,,,5,5,,5,7,,5,7,,,,,8,5,1/23/2019,5,7,,6,7,1/31/2019,5,6,,5,4,,5,4,,5,4,,8,4,2/5/2019,5,5,,5,4,,1,7/21/2018,Grafièka,2003/04,DL,0,M,,2.666666667,,,,,1,0.714285714,0.714285714,,1.6,0.714285714,0.857142857,0.833333333,1.25,1.25,1.25,2,1,1.25
16496,,,,8,3,6/17/2019,,,,,,,,,,,,,9,5,7/25/2020,6,7,6/29/2019,8,7,9/15/2020,,,,7,5,2/6/2019,6,7,8/30/2019,8,7,1/31/2019,7,6,10/3/2019,6,4,7/16/2019,,,,,,,8,4,1/22/2019,9,5,7/15/2019,,,,1,7/21/2018,Elektrotehnièka,2017/2018,DL,0,M,,2.666666667,,,,,1.8,0.857142857,1.142857143,,1.4,0.857142857,1.142857143,1.166666667,1.5,,,2,1.8,
16497,,,,7,3,6/17/2019,,,,,,,,,,,,,5,5,,5,7,,5,7,,,,,6,5,1/23/2019,5,7,,7,7,6/26/2019,5,6,,6,4,9/2/2019,,,,,,,8,4,1/22/2019,6,5,9/24/2020,,,,1,7/21/2018,Gimnazija,2017/2018,DL,0,M,,2.333333333,,,,,1,0.714285714,0.714285714,,1.2,0.714285714,1,0.833333333,1.5,,,2,1.2,
16498,,,,7,3,6/17/2019,,,,,,,,,,,,,5,5,,7,7,8/25/2020,5,7,,,,,7,5,1/23/2019,7,7,9/13/2019,6,7,2/14/2019,6,6,9/5/2019,7,4,6/18/2019,,,,,,,8,4,1/22/2019,6,5,9/6/2019,,,,1,7/21/2018,Gimnazija,2017/18,DL,0,M,,2.333333333,,,,,1,1,0.714285714,,1.4,1,0.857142857,1,1.75,,,2,1.2,
16499,,,,7,3,6/17/2019,,,,,,,,,,,,,6,5,7/24/2021,6,7,7/6/2020,6,7,7/17/2023,,,,8,5,1/23/2019,6,7,1/30/2019,8,7,1/31/2019,10,6,6/25/2019,8,4,6/18/2019,,,,,,,9,4,1/22/2019,8,5,6/27/2019,,,,1,7/21/2018,Gimnazija,2017/2018,DL,0,Ž,,2.333333333,,,,,1.2,0.857142857,0.857142857,,1.6,0.857142857,1.142857143,1.666666667,2,,,2.25,1.6,
16500,,,,7,3,6/17/2019,,,,,,,,,,,,,5,5,,5,7,,5,7,,,,,6,5,1/23/2019,5,7,,5,7,,5,6,,5,4,,5,4,,5,4,,8,4,1/22/2019,6,5,9/6/2019,5,4,,1,7/21/2018,Grafièka,2017/18,DL,0,M,,2.333333333,,,,,1,0.714285714,0.714285714,,1.2,0.714285714,0.714285714,0.833333333,1.25,1.25,1.25,2,1.2,1.25
16501,,,,9,3,6/17/2019,,,,,,,,,,,,,6,5,8/31/2019,8,7,1/26/2019,8,7,8/31/2020,,,,9,5,1/23/2019,8,7,1/30/2019,8,7,1/31/2019,7,6,6/25/2019,8,4,6/18/2019,,,,,,,9,4,1/22/2019,8,5,6/27/2019,,,,1,7/21/2018,Gimnazija,2017/2018,Redovan samofinansirajuæi,0,Ž,,3,,,,,1.2,1.142857143,1.142857143,,1.8,1.142857143,1.142857143,1.166666667,2,,,2.25,1.6,
16502,,,,8,3,6/17/2019,,,,,,,,,,,,,7,5,9/11/2021,6,7,8/24/2019,6,7,7/16/2021,,,,8,5,1/23/2019,6,7,2/13/2019,6,7,1/31/2019,9,6,7/9/2019,7,4,6/18/2019,,,,,,,8,4,1/14/2019,8,5,6/27/2019,,,,1,7/21/2018,Gimnazija,2017/18,DL,0,M,,2.666666667,,,,,1.4,0.857142857,0.857142857,,1.6,0.857142857,0.857142857,1.5,1.75,,,2,1.6,
16503,,,,7,3,1/14/2019,,,,,,,,,,,,,7,5,6/22/2019,7,7,1/26/2019,6,7,9/4/2019,,,,9,5,1/23/2019,7,7,1/14/2019,9,7,1/31/2019,10,6,6/25/2019,,4,,7,4,1/14/2019,,,,7,4,1/22/2019,7,5,6/27/2019,,,,1,7/21/2018,Gimnazija,1999/2000,DL,0,M,,2.333333333,,,,,1.4,1,0.857142857,,1.8,1,1.285714286,1.666666667,0,1.75,,1.75,1.4,
16504,,,,5,3,,,,,,,,,,,,,,5,5,,5,7,,5,7,,,,,8,5,1/23/2019,5,7,,5,7,,5,6,,5,4,,5,4,,5,4,,9,4,1/22/2019,5,5,,,,,1,7/21/2018,Medicinska,2008/2009,DL,0,M,,1.666666667,,,,,1,0.714285714,0.714285714,,1.6,0.714285714,0.714285714,0.833333333,1.25,1.25,1.25,2.25,1,
16505,,,,5,3,,,,,,,,,,,,,,5,5,,5,7,,5,7,,,,,5,5,,5,7,,5,7,,5,6,,5,4,,5,4,,5,4,,6,4,1/22/2019,5,5,,,,,1,7/21/2018,Ekonomska,2017/18,DL,0,M,,1.666666667,,,,,1,0.714285714,0.714285714,,1,0.714285714,0.714285714,0.833333333,1.25,1.25,1.25,1.5,1,
16506,,,,8,3,6/17/2019,,,,,,,,,,,,,5,5,,5,7,,5,7,,,,,8,5,2/6/2019,5,7,,7,7,2/14/2019,5,6,,5,4,,,,,,,,7,4,1/22/2019,5,5,,,,,1,7/21/2018,Gimnazija,2016/2017,Vanredan,0,M,,2.666666667,,,,,1,0.714285714,0.714285714,,1.6,0.714285714,1,0.833333333,1.25,,,1.75,1,
16507,,,,8,3,6/17/2019,,,,,,,,,,,,,5,5,,5,7,,5,7,,,,,7,5,2/6/2019,5,7,,5,7,,5,6,,5,4,6/18/2019,5,4,,5,4,,9,4,1/22/2019,5,5,,5,4,,1,7/21/2018,Elektrotehnièka,2017/2018,DL,0,M,,2.666666667,,,,,1,0.714285714,0.714285714,,1.4,0.714285714,0.714285714,0.833333333,1.25,1.25,1.25,2.25,1,1.25
16508,,,,8,3,6/17/2019,,,,,,,,,,,,,7,5,9/11/2021,9,7,2/9/2019,6,7,9/17/2021,,,,7,5,1/23/2019,8,7,1/30/2019,7,7,1/31/2019,7,6,9/5/2019,7,4,6/18/2019,,,,,,,8,4,1/22/2019,7,5,7/15/2019,,,,1,7/21/2018,Elektrotehnièka,2016/17,Redovan samofinansirajuæi,0,M,,2.666666667,,,,,1.4,1.285714286,0.857142857,,1.4,1.142857143,1,1.166666667,1.75,,,2,1.4,
16509,,,,9,3,6/17/2019,,,,,,,,,,,,,8,5,7/6/2019,10,7,1/26/2019,6,7,6/20/2019,,,,8,5,1/23/2019,8,7,1/30/2019,8,7,1/31/2019,6,6,6/25/2019,9,4,6/18/2019,,,,,,,9,4,1/22/2019,6,5,6/27/2019,,,,1,7/20/2018,Gimnazija,2017/18,Redovan samofinansirajuæi,0,M,,3,,,,,1.6,1.428571429,0.857142857,,1.6,1.142857143,1.142857143,1,2.25,,,2.25,1.2,
16510,,,,9,3,6/17/2019,,,,,,,,,,,,,6,5,6/22/2019,8,7,1/26/2019,8,7,7/4/2019,,,,8,5,1/23/2019,8,7,1/30/2019,8,7,1/31/2019,10,6,6/25/2019,9,4,9/21/2019,,,,,,,9,4,1/22/2019,8,5,6/27/2019,,,,1,9/24/2018,Gimnazija,2017/2018,Redovan samofinansirajuæi,0,Ž,,3,,,,,1.2,1.142857143,1.142857143,,1.6,1.142857143,1.142857143,1.666666667,2.25,,,2.25,1.6,
16511,,,,7,3,9/3/2019,,,,,,,,,,,,,5,5,,10,7,1/26/2019,6,7,9/15/2020,,,,6,5,1/23/2019,9,7,1/30/2019,7,7,8/26/2019,5,6,,6,4,6/18/2019,,,,,,,7,4,1/22/2019,6,5,10/3/2019,,,,1,9/24/2018,Elektrotehnièka,2013/14,DL,0,M,,2.333333333,,,,,1,1.428571429,0.857142857,,1.2,1.285714286,1,0.833333333,1.5,,,1.75,1.2,
16516,,,,8,3,6/17/2019,,,,,,,,,,,,,5,5,,8,7,2/9/2019,5,7,,,,,8,5,1/23/2019,6,7,8/27/2020,6,7,1/31/2019,5,6,,6,4,9/2/2019,,,,,,,9,4,2/5/2019,7,5,7/15/2019,,,,1,9/25/2018,Gimnazija,2017/2018,DL,0,M,,2.666666667,,,,,1,1.142857143,0.714285714,,1.6,0.857142857,0.857142857,0.833333333,1.5,,,2.25,1.4,
16517,,,,6,3,7/1/2019,,,,,,,,,,,,,5,5,,6,7,9/7/2019,7,7,7/16/2021,,,,7,5,1/23/2019,7,7,2/13/2019,7,7,8/26/2019,6,6,9/5/2019,7,4,,,,,,,,7,4,2/5/2019,8,5,7/15/2019,,,,1,9/25/2018,Gimnazija,2017/2018,DL,0,Ž,,2,,,,,1,0.857142857,1,,1.4,1,1,1,1.75,,,1.75,1.6,
16518,,,,5,3,,,,,,,,,,,,,,5,5,,5,7,,5,7,,,,,6,5,2/6/2019,5,7,,5,7,,5,6,,5,4,6/18/2019,5,4,,5,4,,8,4,1/22/2019,5,5,,5,4,,1,9/24/2018,Gimnazija,2015/2016,DL,0,Ž,,1.666666667,,,,,1,0.714285714,0.714285714,,1.2,0.714285714,0.714285714,0.833333333,1.25,1.25,1.25,2,1,1.25
16519,,,,7,3,6/17/2019,,,,,,,,,,,,,8,5,7/4/2020,7,7,1/14/2019,8,7,9/15/2020,,,,8,5,1/23/2019,10,7,1/30/2019,7,7,1/14/2019,7,6,1/14/2019,8,4,,,,,,,,7,4,1/22/2019,6,5,6/27/2019,,,,1,9/25/2018,Gimnazija,2015/2016,DL,1,Ž,,2.333333333,,,,,1.6,1,1.142857143,,1.6,1.428571429,1,1.166666667,2,,,1.75,1.2,
16520,,,,5,3,,,,,,,,,,,,,,5,5,,5,7,,5,7,,,,,7,5,1/23/2019,5,7,,5,7,,5,6,,5,4,,5,4,,5,4,,7,4,,5,5,,,,,1,9/26/2018,Elektrotehnièka,2013/2014,Vanredan,0,M,,1.666666667,,,,,1,0.714285714,0.714285714,,1.4,0.714285714,0.714285714,0.833333333,1.25,1.25,1.25,1.75,1,
16521,,,,5,3,,,,,,,,,,,,,,5,5,,5,7,,5,7,,,,,7,5,1/23/2019,5,7,,6,7,2/14/2019,5,6,,5,4,7/23/2020,5,4,,5,4,,5,4,2/5/2019,5,5,,,,,1,9/25/2018,Elektrotehnièka,2012/2013,DL,0,M,,1.666666667,,,,,1,0.714285714,0.714285714,,1.4,0.714285714,0.857142857,0.833333333,1.25,1.25,1.25,1.25,1,
16522,,,,6,3,9/14/2020,,,,,,,,,,,,,5,5,,5,7,,5,7,,,,,6,5,1/23/2019,5,7,,6,7,9/9/2019,6,6,9/5/2020,6,4,,5,4,,5,4,,6,4,,5,5,,5,4,,1,10/3/2018,Medicinska,2017/2018,Vanredan,0,Ž,,2,,,,,1,0.714285714,0.714285714,,1.2,0.714285714,0.857142857,1,1.5,1.25,1.25,1.5,1,1.25
16523,,,,5,3,,,,,,,,,,,,,,5,5,,5,7,,5,7,,,,,5,5,,5,7,,5,7,,5,6,,5,4,,5,4,,5,4,,5,4,,5,5,,5,4,,1,9/24/2018,Ekonomska,2017/2018,Vanredan,0,M,,1.666666667,,,,,1,0.714285714,0.714285714,,1,0.714285714,0.714285714,0.833333333,1.25,1.25,1.25,1.25,1,1.25
16524,,,,5,3,,,,,,,,,,,,,,5,5,,5,7,,5,7,,,,,5,5,,5,7,,5,7,,5,6,,5,4,7/16/2019,5,4,,5,4,,5,4,8/27/2019,5,5,,,,,1,9/25/2018,Gimnazija,2017/2018,DL,0,M,,1.666666667,,,,,1,0.714285714,0.714285714,,1,0.714285714,0.714285714,0.833333333,1.25,1.25,1.25,1.25,1,
16525,,,,7,3,9/3/2019,,,,,,,,,,,,,5,5,,5,7,,5,7,,,,,7,5,8/29/2019,5,7,,6,7,2/14/2019,5,6,,7,4,6/18/2019,,,,,,,9,4,1/22/2019,5,5,,,,,1,9/25/2018,Gimnazija,2009/2010,DL,0,M,,2.333333333,,,,,1,0.714285714,0.714285714,,1.4,0.714285714,0.857142857,0.833333333,1.75,,,2.25,1,
16527,,,,7,3,6/17/2019,,,,,,,,,,,,,9,5,7/6/2019,8,7,1/26/2019,5,7,,,,,7,5,1/23/2019,6,7,8/30/2019,6,7,1/31/2019,5,6,,6,4,7/2/2020,,,,,,,8,4,2/5/2019,6,5,7/15/2019,,,,1,9/26/2018,Elektrotehnièka,2017/2018,DL,0,M,,2.333333333,,,,,1.8,1.142857143,0.714285714,,1.4,0.857142857,0.857142857,0.833333333,1.5,,,2,1.2,
16528,,,,6,3,6/17/2019,,,,,,,,,,,,,5,5,,6,7,9/16/2021,5,7,,,,,8,5,1/23/2019,7,7,1/26/2024,7,7,2/14/2019,6,6,6/21/2021,8,4,9/21/2019,,,,,,,7,4,1/22/2019,6,5,7/15/2019,,,,1,9/25/2018,Saobraæajna,2014/2015,DL,0,M,,2,,,,,1,0.857142857,0.714285714,,1.6,1,1,1,2,,,1.75,1.2,
16529,,,,7,3,6/17/2019,,,,,,,,,,,,,10,5,7/3/2021,8,7,7/6/2020,6,7,6/25/2021,,,,6,5,1/23/2019,6,7,2/13/2019,6,7,2/14/2019,7,6,9/5/2019,6,4,,,,,,,,8,4,,6,5,9/20/2019,,,,1,9/26/2018,Elektrotehnièka,2016/2017,DL,1,M,,2.333333333,,,,,2,1.142857143,0.857142857,,1.2,0.857142857,0.857142857,1.166666667,1.5,,,2,1.2,
16530,,,,5,3,,,,,,,,,,,,,,5,5,,5,7,,5,7,,,,,7,5,1/23/2019,5,7,,5,7,,5,6,,5,4,7/16/2019,5,4,,5,4,,5,4,1/22/2019,5,5,,,,,1,9/25/2018,Gimnazija,2009/2010,DL,0,M,,1.666666667,,,,,1,0.714285714,0.714285714,,1.4,0.714285714,0.714285714,0.833333333,1.25,1.25,1.25,1.25,1,
16531,,,,7,3,6/17/2019,,,,,,,,,,,,,5,5,,6,7,2/9/2019,5,7,,,,,7,5,1/23/2019,6,7,10/3/2019,6,7,1/31/2019,6,6,9/5/2019,7,4,6/29/2022,,,,,,,7,4,8/27/2019,6,5,7/15/2019,,,,1,9/26/2018,Elektrotehnièka,2017/2018,DL,0,M,,2.333333333,,,,,1,0.857142857,0.714285714,,1.4,0.857142857,0.857142857,1,1.75,,,1.75,1.2,
16532,,,,5,3,,,,,,,,,,,,,,8,5,7/16/2022,8,7,1/29/2022,5,7,,,,,6,5,2/6/2019,5,7,,6,7,2/14/2019,5,6,,7,4,9/21/2019,,,,,,,6,4,1/22/2019,6,5,7/15/2019,,,,1,9/25/2018,Elektrotehnièka,2017/2018,DL,0,M,,1.666666667,,,,,1.6,1.142857143,0.714285714,,1.2,0.714285714,0.857142857,0.833333333,1.75,,,1.5,1.2,
16533,,,,6,3,9/3/2019,,,,,,,,,,,,,6,5,9/26/2020,7,7,2/9/2019,6,7,9/15/2020,,,,7,5,2/6/2019,6,7,8/30/2019,7,7,8/26/2019,8,6,9/5/2019,6,4,,,,,,,,6,4,2/5/2019,7,5,7/15/2019,,,,1,10/4/2018,Medresa,2017/2018,DL,0,M,,2,,,,,1.2,1,0.857142857,,1.4,0.857142857,1,1.333333333,1.5,,,1.5,1.4,
16534,,,,5,3,,,,,,,,,,,,,,5,5,,5,7,,5,7,,,,,5,5,,5,7,,6,7,2/14/2019,5,6,,5,4,6/18/2019,5,4,,5,4,,9,4,1/22/2019,5,5,,,,,1,9/20/2018,Gimnazija,2017/2018,DL,0,M,,1.666666667,,,,,1,0.714285714,0.714285714,,1,0.714285714,0.857142857,0.833333333,1.25,1.25,1.25,2.25,1,
16535,,,,7,3,6/17/2019,,,,,,,,,,,,,7,5,7/4/2020,8,7,6/29/2019,6,7,10/3/2019,,,,8,5,1/23/2019,6,7,1/30/2019,7,7,2/14/2019,7,6,6/25/2019,6,4,7/16/2019,,,,,,,7,4,1/22/2019,7,5,6/27/2019,,,,1,9/24/2018,Gimnazija,2017/2018,DL,1,M,,2.333333333,,,,,1.4,1.142857143,0.857142857,,1.6,0.857142857,1,1.166666667,1.5,,,1.75,1.4,
16536,,,,8,3,6/17/2019,,,,,,,,,,,,,5,5,,6,7,2/15/2020,5,7,,,,,7,5,1/23/2019,5,7,,6,7,2/14/2019,5,6,,7,4,,5,4,,5,4,,8,4,,5,5,,5,4,,1,9/26/2018,Gimnazija,2017/2018,DL,0,M,,2.666666667,,,,,1,0.857142857,0.714285714,,1.4,0.714285714,0.857142857,0.833333333,1.75,1.25,1.25,2,1,1.25
16537,,,,5,3,,,,,,,,,,,,,,5,5,,7,7,4/17/2019,5,7,,,,,8,5,2/17/2020,7,7,4/17/2019,7,7,4/17/2019,5,6,,5,,,,,,,,,5,,,5,5,,,,,1,9/17/2018,Elektrotehnièka,2011/2012,DL,0,M,,1.666666667,,,,,1,1,0.714285714,,1.6,1,1,0.833333333,,,,,1,
16570,8,7,10/1/2018,6,4,10/1/2018,8,7,10/1/2018,8,7,10/1/2018,8,7,10/1/2018,6,2,10/1/2018,6,7,10/1/2018,9,7,10/1/2018,8,7,10/1/2018,6,6,10/1/2018,,,,,,,,,,,,,,,,,,,,,,,,,6,7,10/1/2018,7,3,10/1/2018,1,11/7/2018,Tehnièka,2008/09,DL,0,M,1.142857143,1.5,1.142857143,1.142857143,1.142857143,3,0.857142857,1.285714286,1.142857143,1,,,,,,,,,0.857142857,2.333333333
16571,7,7,12/11/2017,7,4,12/11/2017,7,7,12/11/2017,7,7,12/11/2017,7,7,12/11/2017,7,2,12/11/2017,5,7,,7,7,12/11/2017,7,7,12/11/2017,7,6,12/11/2017,,,,,,,,,,,,,,,,,,,,,,,,,7,7,12/11/2017,7,3,12/11/2017,1,11/7/2018,Katolièki školski centar,2007/08,DL,0,M,1,1.75,1,1,1,3.5,0.714285714,1,1,1.166666667,,,,,,,,,1,2.333333333
16572,6,7,10/1/2018,9,4,10/1/2018,6,7,10/1/2018,7,7,10/1/2018,6,7,10/1/2018,8,2,10/1/2018,5,7,,8,7,10/1/2018,10,7,10/1/2018,6,6,10/1/2018,,,,,,,,,,,,,,,,,,,,,,,,,7,7,10/1/2018,9,3,10/1/2018,1,11/7/2018,Gimnazija,2010/2011,DL,0,M,0.857142857,2.25,0.857142857,1,0.857142857,4,0.714285714,1.142857143,1.428571429,1,,,,,,,,,1,3
16573,8,7,10/1/2018,8,4,10/1/2018,6,7,10/1/2018,8,7,10/1/2018,8,7,10/1/2018,7,2,10/1/2018,6,7,10/1/2018,6,7,10/1/2018,6,7,10/1/2018,7,6,10/1/2018,,,,,,,,,,,,,,,,,,,,,,,,,7,7,10/1/2018,8,3,10/1/2018,1,11/7/2018,Gimnazija,2010/2011,DL,0,Ž,1.142857143,2,0.857142857,1.142857143,1.142857143,3.5,0.857142857,0.857142857,0.857142857,1.166666667,,,,,,,,,1,2.666666667
16574,,,,8,3,10/1/2019,,,,,,,,,,,,,6,5,7/24/2021,6,7,10/1/2019,6,7,10/1/2019,,,,8,5,10/1/2019,8,7,10/1/2019,6,7,10/1/2019,6,6,10/1/2019,6,4,10/1/2019,,,,,,,9,4,10/1/2019,6,5,10/1/2019,,,,1,11/7/2018,Elektrotehnièka,2013/2014,DL,0,M,#DIV/0!,2.666666667,,,,,1.2,0.857142857,0.857142857,,1.6,1.142857143,0.857142857,1,1.5,,,2.25,1.2,
16575,,,,5,3,,,,,,,,,,,,,,5,5,,6,7,10/1/2018,5,7,,,,,6,5,10/1/2018,6,7,10/1/2018,5,7,,5,6,,6,4,10/1/2018,,,,,,,6,4,10/1/2018,7,5,10/1/2018,,,,1,11/7/2018,Gimnazija,2014/15,DL,0,M,#DIV/0!,1.666666667,,,,,1,0.857142857,0.714285714,,1.2,0.857142857,0.714285714,0.833333333,1.5,,,1.5,1.4,
16576,8,7,10/1/2018,9,4,10/1/2018,7,7,10/1/2018,8,7,10/1/2018,7,7,10/1/2018,7,2,10/1/2018,6,7,7/4/2020,10,7,10/1/2018,10,7,10/1/2018,6,6,10/1/2018,,,,,,,,,,,,,,,,,,,,,,,,,8,7,10/1/2018,10,3,10/1/2018,1,11/7/2018,Gimnazija,2006/2007,DL,0,M,1.142857143,2.25,1,1.142857143,1,3.5,0.857142857,1.428571429,1.428571429,1,,,,,,,,,1.142857143,3.333333333
16577,,,,7,3,6/17/2019,,,,,,,,,,,,,5,5,,5,7,,5,7,,,,,7,5,10/1/2018,5,7,,7,7,10/1/2018,5,6,,7,4,10/1/2018,,,,,,,9,4,10/1/2018,7,5,10/1/2018,,,,1,11/8/2018,Gimnazija,2014/2015,DL,0,M,#DIV/0!,2.333333333,,,,,1,0.714285714,0.714285714,,1.4,0.714285714,1,0.833333333,1.75,,,2.25,1.4,
16578,,,,9,3,6/17/2019,,,,,,,,,,,,,7,5,7/25/2020,6,7,9/7/2019,5,7,,,,,6,5,1/23/2019,5,7,,6,7,9/9/2019,7,6,9/17/2020,6,4,6/18/2019,,,,,,,9,4,2/5/2019,6,5,6/27/2019,,,,1,11/8/2018,Gimnazija,2012/2013,DL,0,M,#DIV/0!,3,,,,,1.4,0.857142857,0.714285714,,1.2,0.714285714,0.857142857,1.166666667,1.5,,,2.25,1.2,
16579,6,7,10/1/2018,9,4,10/1/2018,7,7,10/1/2018,6,7,10/1/2018,8,7,10/1/2018,6,2,10/1/2018,6,7,10/1/2018,7,7,10/1/2018,6,7,10/1/2018,6,6,10/1/2018,,,,,,,,,,,,,,,,,,,,,,,,,7,7,10/1/2018,10,3,10/1/2018,1,11/8/2018,Gimnazija,2010/2011,DL,1,M,0.857142857,2.25,1,0.857142857,1.142857143,3,0.857142857,1,0.857142857,1,,,,,,,,,1,3.333333333
16580,6,7,10/1/2018,9,4,10/1/2018,8,7,10/1/2018,8,7,10/1/2018,6,7,10/1/2018,6,2,10/1/2018,5,7,,7,7,10/1/2018,8,7,10/1/2018,6,6,10/1/2018,,,,,,,,,,,,,,,,,,,,,,,,,6,7,10/1/2018,10,3,10/1/2018,1,11/9/2018,Elektrotehnièka,2012/13,DL,0,M,0.857142857,2.25,1.142857143,1.142857143,0.857142857,3,0.714285714,1,1.142857143,1,,,,,,,,,0.857142857,3.333333333
16581,7,7,10/1/2018,7,4,10/1/2018,8,7,10/1/2018,8,7,10/1/2018,6,7,10/1/2018,6,2,10/1/2018,5,7,,6,7,10/1/2018,6,7,10/1/2018,8,6,10/1/2018,,,,,,,,,,,,,,,,,,,,,,,,,7,7,10/1/2018,7,3,10/1/2018,1,11/9/2018,Elektrotehnièka,2008/09,DL,0,M,1,1.75,1.142857143,1.142857143,0.857142857,3,0.714285714,0.857142857,0.857142857,1.333333333,,,,,,,,,1,2.333333333
16582,6,7,10/1/2018,7,4,10/1/2018,8,7,10/1/2018,6,7,10/1/2018,6,7,10/1/2018,6,2,10/1/2018,7,7,10/1/2018,6,7,10/1/2018,6,7,10/1/2018,6,6,10/1/2018,,,,,,,,,,,,,,,,,,,,,,,,,8,7,10/1/2018,6,3,10/1/2018,1,11/9/2018,Mašinska,2002/03,DL,0,M,0.857142857,1.75,1.142857143,0.857142857,0.857142857,3,1,0.857142857,0.857142857,1,,,,,,,,,1.142857143,2
16583,9,7,10/1/2018,7,4,10/1/2018,8,7,10/1/2018,9,7,10/1/2018,8,7,10/1/2018,9,2,10/1/2018,7,7,10/1/2018,10,7,10/1/2018,6,7,10/1/2018,7,6,10/1/2018,,,,,,,,,,,,,,,,,,,,,,,,,7,7,10/1/2018,8,3,10/1/2018,1,11/9/2018,Tehnièka,2012/13,DL,0,M,1.285714286,1.75,1.142857143,1.285714286,1.142857143,4.5,1,1.428571429,0.857142857,1.166666667,,,,,,,,,1,2.666666667
16584,6,7,10/1/2018,6,4,10/1/2018,8,7,10/1/2018,7,7,10/1/2018,7,7,10/1/2018,7,2,10/1/2018,6,7,10/1/2018,7,7,10/1/2018,6,7,10/1/2018,7,6,10/1/2018,,,,,,,,,,,,,,,,,,,,,,,,,6,7,10/1/2018,7,3,10/1/2018,1,11/9/2018,Tehnièka,2010/11,DL,0,M,0.857142857,1.5,1.142857143,1,1,3.5,0.857142857,1,0.857142857,1.166666667,,,,,,,,,0.857142857,2.333333333
16585,,,,7,3,6/25/2020,,,,,,,,,,,,,8,5,7/4/2020,7,7,2/15/2020,5,7,,,,,8,5,1/23/2019,5,7,,7,7,1/31/2019,5,6,,7,4,9/25/2020,,,,,,,7,4,1/22/2019,7,5,6/30/2020,,,,1,11/14/2018,Medresa,2008/2009,DL,0,M,,2.333333333,,,,,1.6,1,0.714285714,,1.6,0.714285714,1,0.833333333,1.75,,,1.75,1.4,
16586,6,7,10/1/2018,7,4,10/1/2018,7,7,10/1/2018,6,7,10/1/2018,7,7,10/1/2018,6,2,10/1/2018,5,7,,8,7,10/1/2018,6,7,10/1/2018,6,6,10/1/2018,,,,,,,,,,,,,,,,,,,,,,,,,7,7,10/1/2018,8,3,10/1/2018,1,11/14/2018,Elektrotehnièka,2000/2001,DL,0,M,0.857142857,1.75,1,0.857142857,1,3,0.714285714,1.142857143,0.857142857,1,,,,,,,,,1,2.666666667
16587,7,7,10/1/2018,5,4,,6,7,10/1/2018,7,7,10/1/2018,7,7,10/1/2018,5,2,,5,7,,6,7,10/1/2018,5,7,,5,6,,,,,,,,,,,,,,,,,,,,,,,,,,5,7,,6,3,10/1/2018,1,11/14/2018,Mješovita srednja škola,1999/2000,DL,0,M,1,1.25,0.857142857,1,1,2.5,0.714285714,0.857142857,0.714285714,0.833333333,,,,,,,,,0.714285714,2
16588,,,,5,3,,,,,,,,,,,,,,5,5,,5,7,,5,7,,,,,8,5,1/23/2019,5,7,,5,7,,5,6,,5,4,,5,4,,5,4,,5,4,,5,5,,,,,1,11/14/2018,Medresa,2014/2015,DL,0,M,,1.666666667,,,,,1,0.714285714,0.714285714,,1.6,0.714285714,0.714285714,0.833333333,1.25,1.25,1.25,1.25,1,
16589,,,,7,3,6/17/2019,,,,,,,,,,,,,5,5,,7,7,10/1/2018,5,7,,,,,6,5,10/1/2018,5,7,,6,7,10/1/2018,5,6,,6,4,10/1/2018,,,,,,,8,4,10/1/2018,6,5,10/1/2018,,,,1,11/16/2018,Elektrotehnièka,2011/2012,DL,0,M,,2.333333333,,,,,1,1,0.714285714,,1.2,0.714285714,0.857142857,0.833333333,1.5,,,2,1.2,
16591,9,7,10/1/2018,10,4,10/1/2018,9,7,10/1/2018,7,7,10/1/2018,7,7,10/1/2018,9,2,10/1/2018,7,7,10/1/2018,7,7,10/1/2018,7,7,10/1/2018,9,6,10/1/2018,,,,,,,,,,,,,,,,,,,,,,,,,7,7,10/1/2018,7,3,10/1/2018,1,11/16/2018,Gimnazija,2011/2012,DL,0,M,1.285714286,2.5,1.285714286,1,1,4.5,1,1,1,1.5,,,,,,,,,1,2.333333333
17589,7,7,10/1/2018,7,4,10/1/2018,7,7,10/1/2018,7,7,10/1/2018,7,7,10/1/2018,7,2,10/1/2018,5,7,,6,7,10/1/2018,5,7,,5,6,,,,,,,,,,,,,,,,,,,,,,,,,,7,7,10/1/2018,7,3,10/1/2018,1,11/19/2018,Gimnazija,2008/09,DL,0,M,1,1.75,1,1,1,3.5,0.714285714,0.857142857,0.714285714,0.833333333,,,,,,,,,1,2.333333333
17590,,,,6,3,6/17/2019,,,,,,,,,,,,,5,5,,5,7,,5,7,,,,,7,5,10/1/2018,5,7,,6,7,2/14/2019,5,6,,,,,7,4,10/1/2018,,,,6,4,1/22/2019,5,5,,,,,1,11/19/2018,Gimnazija,2004/05,DL,0,M,,2,,,,,1,0.714285714,0.714285714,,1.4,0.714285714,0.857142857,0.833333333,,1.75,,1.5,1,
17591,6,7,10/1/2018,7,4,10/1/2018,7,7,10/1/2018,6,7,10/1/2018,9,7,10/1/2018,6,2,10/1/2018,10,7,12/2/2019,8,7,10/1/2018,7,7,10/1/2018,6,6,10/1/2018,,,,,,,,,,,,,,,,,,,,,,,,,7,7,10/1/2018,8,3,10/1/2018,1,11/19/2018,Gimnazija,2007/08,DL,0,M,0.857142857,1.75,1,0.857142857,1.285714286,3,1.428571429,1.142857143,1,1,,,,,,,,,1,2.666666667
17592,8,7,10/1/2018,9,4,10/1/2018,8,7,10/1/2018,7,7,10/1/2018,7,7,10/1/2018,10,2,10/1/2018,6,7,10/1/2018,7,7,10/1/2018,7,7,10/1/2018,6,6,10/1/2018,,,,,,,,,,,,,,,,,,,,,,,,,7,7,10/1/2018,9,3,10/1/2018,1,11/19/2018,Gimnazija,2013/14,DL,1,M,1.142857143,2.25,1.142857143,1,1,5,0.857142857,1,1,1,,,,,,,,,1,3
17593,8,7,10/1/2018,8,4,10/1/2018,8,7,10/1/2018,8,7,10/1/2018,7,7,10/1/2018,6,2,10/1/2018,6,7,10/1/2018,10,7,10/1/2018,7,7,10/1/2018,6,6,10/1/2018,,,,,,,,,,,,,,,,,,,,,,,,,8,7,10/1/2018,9,3,10/1/2018,1,11/19/2018,Elektrotehnièka,2011/12,DL,0,M,1.142857143,2,1.142857143,1.142857143,1,3,0.857142857,1.428571429,1,1,,,,,,,,,1.142857143,3
17594,10,7,10/1/2018,10,4,10/1/2018,10,7,10/1/2018,10,7,10/1/2018,10,7,10/1/2018,7,2,10/1/2018,7,7,10/1/2018,10,7,10/1/2018,10,7,10/1/2018,10,6,10/1/2018,,,,,,,,,,,,,,,,,,,,,,,,,10,7,10/1/2018,10,3,10/1/2018,1,11/20/2018,Elektrotehnièka,2008/2009,DL,0,M,1.428571429,2.5,1.428571429,1.428571429,1.428571429,3.5,1,1.428571429,1.428571429,1.666666667,,,,,,,,,1.428571429,3.333333333
17595,7,7,12/11/2017,7,4,12/11/2017,7,7,12/11/2017,7,7,12/11/2017,7,7,12/11/2017,7,2,12/11/2017,5,7,,7,7,12/11/2017,7,7,12/11/2017,7,6,12/11/2017,,,,,,,,,,,,,,,,,,,,,,,,,7,7,12/11/2017,7,3,12/11/2017,1,11/20/2018,Elektrotehnièka,2006/2007,DL,0,M,1,1.75,1,1,1,3.5,0.714285714,1,1,1.166666667,,,,,,,,,1,2.333333333
17596,10,7,10/1/2018,10,4,10/1/2018,10,7,10/1/2018,10,7,10/1/2018,9,7,10/1/2018,8,2,10/1/2018,8,7,10/1/2018,8,7,10/1/2018,8,7,10/1/2018,10,6,10/1/2018,,,,,,,,,,,,,,,,,,,,,,,,,7,7,10/1/2018,10,3,10/1/2018,1,11/20/2018,Nema informacija,Nema informacija,DL,1,M,1.428571429,2.5,1.428571429,1.428571429,1.285714286,4,1.142857143,1.142857143,1.142857143,1.666666667,,,,,,,,,1,3.333333333
17597,6,7,10/1/2018,7,4,10/1/2018,6,7,10/1/2018,6,7,10/1/2018,6,7,10/1/2018,7,2,10/1/2018,5,7,,7,7,10/1/2018,6,7,10/1/2018,6,6,10/1/2018,,,,,,,,,,,,,,,,,,,,,,,,,7,7,10/1/2018,6,3,10/1/2018,1,11/23/2018,Gimnazija,2003/2004,DL,0,M,0.857142857,1.75,0.857142857,0.857142857,0.857142857,3.5,0.714285714,1,0.857142857,1,,,,,,,,,1,2
17598,6,7,10/1/2018,8,4,10/1/2018,8,7,10/1/2018,6,7,10/1/2018,9,7,10/1/2018,6,2,10/1/2018,8,7,10/1/2018,7,7,10/1/2018,8,7,10/1/2018,9,6,10/1/2018,,,,,,,,,,,,,,,,,,,,,,,,,8,7,10/1/2018,8,3,10/1/2018,1,11/23/2018,Ekonomska,2007/08,DL,1,M,0.857142857,2,1.142857143,0.857142857,1.285714286,3,1.142857143,1,1.142857143,1.5,,,,,,,,,1.142857143,2.666666667
17599,6,7,10/1/2018,8,4,10/1/2018,6,7,10/1/2018,6,7,10/1/2018,10,7,10/1/2018,6,2,10/1/2018,8,7,10/1/2018,7,7,10/1/2018,7,7,10/1/2018,7,6,10/1/2018,,,,,,,,,,,,,,,,,,,,,,,,,9,7,10/1/2018,8,3,10/1/2018,1,11/23/2018,Mješovita srednja škola,1994/95,DL,0,M,0.857142857,2,0.857142857,0.857142857,1.428571429,3,1.142857143,1,1,1.166666667,,,,,,,,,1.285714286,2.666666667
17600,6,7,10/1/2018,7,4,10/1/2018,8,7,10/1/2018,6,7,10/1/2018,7,7,10/1/2018,7,2,10/1/2018,5,7,,5,7,,5,7,,6,6,10/1/2018,,,,,,,,,,,,,,,,,,,,,,,,,7,7,10/1/2018,8,3,10/1/2018,1,11/23/2018,Gimnazija,2008/2009,DL,0,M,0.857142857,1.75,1.142857143,0.857142857,1,3.5,0.714285714,0.714285714,0.714285714,1,,,,,,,,,1,2.666666667
,,,,,,,,,,,,,,,,,,,,,,,,,,,,,,,,,,,,,,,,,,,,,,,,,,,,,,,,,,,,,,,,,,,,,,,,,,,,,,,,,,,,,,,
,,,,,,,,,,,,,,,,,,,,,,,,,,,,,,,,,,,,,,,,,,,,,,,,,,,,,,,,,,,,,,,,,,,,,,,,,,,,,,,,,,,,,,,
,,,,,,,,,,,,,,,,,,,,,,,,,,,,,,,,,,,,,,,,,,,,,,,,,,,,,,,,,,,,,,,,,,,,,,,,,,,,,,,,,,,,,,,
,,,,,,,,,,,,,,,,,,,,,,,,,,,,,,,,,,,,,,,,,,,,,,,,,,,,,,,,,,,,,,,,,,,,,,,,,,,,,,,,,,,,,,,
,,,,,,,,,,,,,,,,,,,,,,,,,,,,,,,,,,,,,,,,,,,,,,,,,,,,,,,,,,,,,,,,,,,,,,,,,,,,,,,,,,,,,,,
